Workbook

Sheet Cover
B2: EXCEL SHEETS
B3: supporting paper "Financial Sustainability of the Care for the Disabled: A Simulation of Benefits for Older People in the Baltic States up to 2036 with data from SHARE and Eurostat"
B5: Author: Hans Gevers - Junior Research Fellow at the Estonian Business School
B6: https://orcid.org/0009-0001-0249-4142 hans.gevers@ebs.ee
B9: Conventions:
B10: Description | C10: Code | D10: Note
B11: Hard-coded numbers | C11: Blue
B12: Formulas/calculations | C12: Black
B13: Interpolated within | C13: Green | D13: Time average of the preceding and subsequent value (first available)
B14: Interpolated across | C14: Dark red | D14: Cross-sectionl average of the preceding and subsequent value (first available)
B15: Linked to online content | C15: Red
B16: Linked to other sheet | C16: Orange

Sheet Content
B2: Countries: | C2: Estonia, Latvia, Lithuania
B4: Sheet
B5: 5 | C5: Open in Data Browser | D5: Population in Numbers on January 1 per Age and Gender Group 2008-2025 (annual)
B6: 6 | C6: Open in Data Browser | D6: Percentage of Disabled per Age and Gender group 2008-2025 (annual)
B7: 7 | C7: Open in Data Browser | D7: Mean Equivalised Income as Purchasing Power Standard per Age and Gender Group 2008-2025 (annual)
B8: 9 | D8: Input data from Poisson regressions + Mean income from SHARE sample per age, gender, disability, and country group
B9: 10 | D9: Forecast amount for disability benefits and pensions in euros for the Population: per Age, Gender, and Disability Group (annual)

Sheet Error checking
A1: Sheet 6: Population check: Total for Estonia
B2: =SUM(Population!U3,Population!U6,Population!U9,Population!U12,Population!U15,Population!U18,Population!U21,Population!U24,Population!U27,Population!U30,Population!U33,Population!U36,Population!U39,Population!U42,Population!U45,Population!U48,Population!U51,Population!U54) -> 643995 | C2: citizens older than 45
B3: =B2/1300000 -> 0.49538077 | C3: of total population as the used sample older than 45
B4: =SUM(Population!AF59,Population!AF62,Population!AF65,Population!AF68,Population!AF71,Population!AF74,Population!AF77,Population!AF80,Population!AF83,Population!AF86) -> 679090 | C4: estimated citizens older than 45 in 2036
B5: =B4/B2-1 -> 0.054495765 | C5: increase in population estimated to be older than 45 in 2036
A7: Sheet 7: Check if the percentage totals 100 for disability within age, gender, and country
B8: 2008 | C8: 2009 | D8: 2010 | E8: 2011 | F8: 2012 | G8: 2013 | H8: 2014 | I8: 2015 | J8: 2016 | K8: 2017 | L8: 2018 | M8: 2019 | N8: 2020 | O8: 2021 | P8: 2022 | Q8: 2023 | R8: 2024 | S8: 2025
B9: =IF((Disability!E3+Disability!E6)=100,"ok","nok") -> ok | C9: =IF((Disability!F3+Disability!F6)=100,"ok","nok") -> ok | D9: =IF((Disability!G3+Disability!G6)=100,"ok","nok") -> ok | E9: =IF((Disability!H3+Disability!H6)=100,"ok","nok") -> ok | F9: =IF((Disability!I3+Disability!I6)=100,"ok","nok") -> ok | G9: =IF((Disability!J3+Disability!J6)=100,"ok","nok") -> ok | H9: =IF((Disability!K3+Disability!K6)=100,"ok","nok") -> ok | I9: =IF((Disability!L3+Disability!L6)=100,"ok","nok") -> ok | ... S9: =IF((Disability!V3+Disability!V6)=100,"ok","nok") -> ok
B10: =IF((Disability!E4+Disability!E7)=100,"ok","nok") -> ok | C10: =IF((Disability!F4+Disability!F7)=100,"ok","nok") -> ok | D10: =IF((Disability!G4+Disability!G7)=100,"ok","nok") -> ok | E10: =IF((Disability!H4+Disability!H7)=100,"ok","nok") -> ok | F10: =IF((Disability!I4+Disability!I7)=100,"ok","nok") -> ok | G10: =IF((Disability!J4+Disability!J7)=100,"ok","nok") -> ok | H10: =IF((Disability!K4+Disability!K7)=100,"ok","nok") -> ok | I10: =IF((Disability!L4+Disability!L7)=100,"ok","nok") -> ok | ... S10: =IF((Disability!V4+Disability!V7)=100,"ok","nok") -> ok
B11: =IF((Disability!E5+Disability!E8)=100,"ok","nok") -> ok | C11: =IF((Disability!F5+Disability!F8)=100,"ok","nok") -> ok | D11: =IF((Disability!G5+Disability!G8)=100,"ok","nok") -> ok | E11: =IF((Disability!H5+Disability!H8)=100,"ok","nok") -> ok | F11: =IF((Disability!I5+Disability!I8)=100,"ok","nok") -> ok | G11: =IF((Disability!J5+Disability!J8)=100,"ok","nok") -> ok | H11: =IF((Disability!K5+Disability!K8)=100,"ok","nok") -> ok | I11: =IF((Disability!L5+Disability!L8)=100,"ok","nok") -> ok | ... S11: =IF((Disability!V5+Disability!V8)=100,"ok","nok") -> ok
B12: =IF((Disability!E9+Disability!E12)=100,"ok","nok") -> ok | C12: =IF((Disability!F9+Disability!F12)=100,"ok","nok") -> ok | D12: =IF((Disability!G9+Disability!G12)=100,"ok","nok") -> ok | E12: =IF((Disability!H9+Disability!H12)=100,"ok","nok") -> ok | F12: =IF((Disability!I9+Disability!I12)=100,"ok","nok") -> ok | G12: =IF((Disability!J9+Disability!J12)=100,"ok","nok") -> ok | H12: =IF((Disability!K9+Disability!K12)=100,"ok","nok") -> ok | I12: =IF((Disability!L9+Disability!L12)=100,"ok","nok") -> ok | ... S12: =IF((Disability!V9+Disability!V12)=100,"ok","nok") -> ok
B13: =IF((Disability!E10+Disability!E13)=100,"ok","nok") -> ok | C13: =IF((Disability!F10+Disability!F13)=100,"ok","nok") -> ok | D13: =IF((Disability!G10+Disability!G13)=100,"ok","nok") -> ok | E13: =IF((Disability!H10+Disability!H13)=100,"ok","nok") -> ok | F13: =IF((Disability!I10+Disability!I13)=100,"ok","nok") -> ok | G13: =IF((Disability!J10+Disability!J13)=100,"ok","nok") -> ok | H13: =IF((Disability!K10+Disability!K13)=100,"ok","nok") -> ok | I13: =IF((Disability!L10+Disability!L13)=100,"ok","nok") -> ok | ... S13: =IF((Disability!V10+Disability!V13)=100,"ok","nok") -> ok
B14: =IF((Disability!E11+Disability!E14)=100,"ok","nok") -> ok | C14: =IF((Disability!F11+Disability!F14)=100,"ok","nok") -> ok | D14: =IF((Disability!G11+Disability!G14)=100,"ok","nok") -> ok | E14: =IF((Disability!H11+Disability!H14)=100,"ok","nok") -> ok | F14: =IF((Disability!I11+Disability!I14)=100,"ok","nok") -> ok | G14: =IF((Disability!J11+Disability!J14)=100,"ok","nok") -> ok | H14: =IF((Disability!K11+Disability!K14)=100,"ok","nok") -> ok | I14: =IF((Disability!L11+Disability!L14)=100,"ok","nok") -> ok | ... S14: =IF((Disability!V11+Disability!V14)=100,"ok","nok") -> ok
B15: =IF((Disability!E15+Disability!E18)=100,"ok","nok") -> ok | C15: =IF((Disability!F15+Disability!F18)=100,"ok","nok") -> ok | D15: =IF((Disability!G15+Disability!G18)=100,"ok","nok") -> ok | E15: =IF((Disability!H15+Disability!H18)=100,"ok","nok") -> ok | F15: =IF((Disability!I15+Disability!I18)=100,"ok","nok") -> ok | G15: =IF((Disability!J15+Disability!J18)=100,"ok","nok") -> ok | H15: =IF((Disability!K15+Disability!K18)=100,"ok","nok") -> ok | I15: =IF((Disability!L15+Disability!L18)=100,"ok","nok") -> ok | ... S15: =IF((Disability!V15+Disability!V18)=100,"ok","nok") -> ok
B16: =IF((Disability!E16+Disability!E19)=100,"ok","nok") -> ok | C16: =IF((Disability!F16+Disability!F19)=100,"ok","nok") -> ok | D16: =IF((Disability!G16+Disability!G19)=100,"ok","nok") -> ok | E16: =IF((Disability!H16+Disability!H19)=100,"ok","nok") -> ok | F16: =IF((Disability!I16+Disability!I19)=100,"ok","nok") -> ok | G16: =IF((Disability!J16+Disability!J19)=100,"ok","nok") -> ok | H16: =IF((Disability!K16+Disability!K19)=100,"ok","nok") -> ok | I16: =IF((Disability!L16+Disability!L19)=100,"ok","nok") -> ok | ... S16: =IF((Disability!V16+Disability!V19)=100,"ok","nok") -> ok
B17: =IF((Disability!E17+Disability!E20)=100,"ok","nok") -> ok | C17: =IF((Disability!F17+Disability!F20)=100,"ok","nok") -> ok | D17: =IF((Disability!G17+Disability!G20)=100,"ok","nok") -> ok | E17: =IF((Disability!H17+Disability!H20)=100,"ok","nok") -> ok | F17: =IF((Disability!I17+Disability!I20)=100,"ok","nok") -> ok | G17: =IF((Disability!J17+Disability!J20)=100,"ok","nok") -> ok | H17: =IF((Disability!K17+Disability!K20)=100,"ok","nok") -> ok | I17: =IF((Disability!L17+Disability!L20)=100,"ok","nok") -> ok | ... S17: =IF((Disability!V17+Disability!V20)=100,"ok","nok") -> ok
B18: =IF((Disability!E21+Disability!E24)=100,"ok","nok") -> ok | C18: =IF((Disability!F21+Disability!F24)=100,"ok","nok") -> ok | D18: =IF((Disability!G21+Disability!G24)=100,"ok","nok") -> ok | E18: =IF((Disability!H21+Disability!H24)=100,"ok","nok") -> ok | F18: =IF((Disability!I21+Disability!I24)=100,"ok","nok") -> ok | G18: =IF((Disability!J21+Disability!J24)=100,"ok","nok") -> ok | H18: =IF((Disability!K21+Disability!K24)=100,"ok","nok") -> ok | I18: =IF((Disability!L21+Disability!L24)=100,"ok","nok") -> ok | ... S18: =IF((Disability!V21+Disability!V24)=100,"ok","nok") -> ok
B19: =IF((Disability!E22+Disability!E25)=100,"ok","nok") -> ok | C19: =IF((Disability!F22+Disability!F25)=100,"ok","nok") -> ok | D19: =IF((Disability!G22+Disability!G25)=100,"ok","nok") -> ok | E19: =IF((Disability!H22+Disability!H25)=100,"ok","nok") -> ok | F19: =IF((Disability!I22+Disability!I25)=100,"ok","nok") -> ok | G19: =IF((Disability!J22+Disability!J25)=100,"ok","nok") -> ok | H19: =IF((Disability!K22+Disability!K25)=100,"ok","nok") -> ok | I19: =IF((Disability!L22+Disability!L25)=100,"ok","nok") -> ok | ... S19: =IF((Disability!V22+Disability!V25)=100,"ok","nok") -> ok
B20: =IF((Disability!E23+Disability!E26)=100,"ok","nok") -> ok | C20: =IF((Disability!F23+Disability!F26)=100,"ok","nok") -> ok | D20: =IF((Disability!G23+Disability!G26)=100,"ok","nok") -> ok | E20: =IF((Disability!H23+Disability!H26)=100,"ok","nok") -> ok | F20: =IF((Disability!I23+Disability!I26)=100,"ok","nok") -> ok | G20: =IF((Disability!J23+Disability!J26)=100,"ok","nok") -> ok | H20: =IF((Disability!K23+Disability!K26)=100,"ok","nok") -> ok | I20: =IF((Disability!L23+Disability!L26)=100,"ok","nok") -> ok | ... S20: =IF((Disability!V23+Disability!V26)=100,"ok","nok") -> ok
B21: =IF((Disability!E27+Disability!E30)=100,"ok","nok") -> ok | C21: =IF((Disability!F27+Disability!F30)=100,"ok","nok") -> ok | D21: =IF((Disability!G27+Disability!G30)=100,"ok","nok") -> ok | E21: =IF((Disability!H27+Disability!H30)=100,"ok","nok") -> ok | F21: =IF((Disability!I27+Disability!I30)=100,"ok","nok") -> ok | G21: =IF((Disability!J27+Disability!J30)=100,"ok","nok") -> ok | H21: =IF((Disability!K27+Disability!K30)=100,"ok","nok") -> ok | I21: =IF((Disability!L27+Disability!L30)=100,"ok","nok") -> ok | ... S21: =IF((Disability!V27+Disability!V30)=100,"ok","nok") -> ok
B22: =IF((Disability!E28+Disability!E31)=100,"ok","nok") -> ok | C22: =IF((Disability!F28+Disability!F31)=100,"ok","nok") -> ok | D22: =IF((Disability!G28+Disability!G31)=100,"ok","nok") -> ok | E22: =IF((Disability!H28+Disability!H31)=100,"ok","nok") -> ok | F22: =IF((Disability!I28+Disability!I31)=100,"ok","nok") -> ok | G22: =IF((Disability!J28+Disability!J31)=100,"ok","nok") -> ok | H22: =IF((Disability!K28+Disability!K31)=100,"ok","nok") -> ok | I22: =IF((Disability!L28+Disability!L31)=100,"ok","nok") -> ok | ... S22: =IF((Disability!V28+Disability!V31)=100,"ok","nok") -> ok
B23: =IF((Disability!E29+Disability!E32)=100,"ok","nok") -> ok | C23: =IF((Disability!F29+Disability!F32)=100,"ok","nok") -> ok | D23: =IF((Disability!G29+Disability!G32)=100,"ok","nok") -> ok | E23: =IF((Disability!H29+Disability!H32)=100,"ok","nok") -> ok | F23: =IF((Disability!I29+Disability!I32)=100,"ok","nok") -> ok | G23: =IF((Disability!J29+Disability!J32)=100,"ok","nok") -> ok | H23: =IF((Disability!K29+Disability!K32)=100,"ok","nok") -> ok | I23: =IF((Disability!L29+Disability!L32)=100,"ok","nok") -> ok | ... S23: =IF((Disability!V29+Disability!V32)=100,"ok","nok") -> ok
B24: =IF((Disability!E33+Disability!E36)=100,"ok","nok") -> ok | C24: =IF((Disability!F33+Disability!F36)=100,"ok","nok") -> ok | D24: =IF((Disability!G33+Disability!G36)=100,"ok","nok") -> ok | E24: =IF((Disability!H33+Disability!H36)=100,"ok","nok") -> ok | F24: =IF((Disability!I33+Disability!I36)=100,"ok","nok") -> ok | G24: =IF((Disability!J33+Disability!J36)=100,"ok","nok") -> ok | H24: =IF((Disability!K33+Disability!K36)=100,"ok","nok") -> ok | I24: =IF((Disability!L33+Disability!L36)=100,"ok","nok") -> ok | ... S24: =IF((Disability!V33+Disability!V36)=100,"ok","nok") -> ok
B25: =IF((Disability!E34+Disability!E37)=100,"ok","nok") -> ok | C25: =IF((Disability!F34+Disability!F37)=100,"ok","nok") -> ok | D25: =IF((Disability!G34+Disability!G37)=100,"ok","nok") -> ok | E25: =IF((Disability!H34+Disability!H37)=100,"ok","nok") -> ok | F25: =IF((Disability!I34+Disability!I37)=100,"ok","nok") -> ok | G25: =IF((Disability!J34+Disability!J37)=100,"ok","nok") -> ok | H25: =IF((Disability!K34+Disability!K37)=100,"ok","nok") -> ok | I25: =IF((Disability!L34+Disability!L37)=100,"ok","nok") -> ok | ... S25: =IF((Disability!V34+Disability!V37)=100,"ok","nok") -> ok
B26: =IF((Disability!E35+Disability!E38)=100,"ok","nok") -> ok | C26: =IF((Disability!F35+Disability!F38)=100,"ok","nok") -> ok | D26: =IF((Disability!G35+Disability!G38)=100,"ok","nok") -> ok | E26: =IF((Disability!H35+Disability!H38)=100,"ok","nok") -> ok | F26: =IF((Disability!I35+Disability!I38)=100,"ok","nok") -> ok | G26: =IF((Disability!J35+Disability!J38)=100,"ok","nok") -> ok | H26: =IF((Disability!K35+Disability!K38)=100,"ok","nok") -> ok | I26: =IF((Disability!L35+Disability!L38)=100,"ok","nok") -> ok | ... S26: =IF((Disability!V35+Disability!V38)=100,"ok","nok") -> ok
B27: =IF((Disability!E39+Disability!E42)=100,"ok","nok") -> ok | C27: =IF((Disability!F39+Disability!F42)=100,"ok","nok") -> ok | D27: =IF((Disability!G39+Disability!G42)=100,"ok","nok") -> ok | E27: =IF((Disability!H39+Disability!H42)=100,"ok","nok") -> ok | F27: =IF((Disability!I39+Disability!I42)=100,"ok","nok") -> ok | G27: =IF((Disability!J39+Disability!J42)=100,"ok","nok") -> ok | H27: =IF((Disability!K39+Disability!K42)=100,"ok","nok") -> ok | I27: =IF((Disability!L39+Disability!L42)=100,"ok","nok") -> ok | ... S27: =IF((Disability!V39+Disability!V42)=100,"ok","nok") -> ok
B28: =IF((Disability!E40+Disability!E43)=100,"ok","nok") -> ok | C28: =IF((Disability!F40+Disability!F43)=100,"ok","nok") -> ok | D28: =IF((Disability!G40+Disability!G43)=100,"ok","nok") -> ok | E28: =IF((Disability!H40+Disability!H43)=100,"ok","nok") -> ok | F28: =IF((Disability!I40+Disability!I43)=100,"ok","nok") -> ok | G28: =IF((Disability!J40+Disability!J43)=100,"ok","nok") -> ok | H28: =IF((Disability!K40+Disability!K43)=100,"ok","nok") -> ok | I28: =IF((Disability!L40+Disability!L43)=100,"ok","nok") -> ok | ... S28: =IF((Disability!V40+Disability!V43)=100,"ok","nok") -> ok
B29: =IF((Disability!E41+Disability!E44)=100,"ok","nok") -> ok | C29: =IF((Disability!F41+Disability!F44)=100,"ok","nok") -> ok | D29: =IF((Disability!G41+Disability!G44)=100,"ok","nok") -> ok | E29: =IF((Disability!H41+Disability!H44)=100,"ok","nok") -> ok | F29: =IF((Disability!I41+Disability!I44)=100,"ok","nok") -> ok | G29: =IF((Disability!J41+Disability!J44)=100,"ok","nok") -> ok | H29: =IF((Disability!K41+Disability!K44)=100,"ok","nok") -> ok | I29: =IF((Disability!L41+Disability!L44)=100,"ok","nok") -> ok | ... S29: =IF((Disability!V41+Disability!V44)=100,"ok","nok") -> ok
B30: =IF((Disability!E45+Disability!E48)=100,"ok","nok") -> ok | C30: =IF((Disability!F45+Disability!F48)=100,"ok","nok") -> ok | D30: =IF((Disability!G45+Disability!G48)=100,"ok","nok") -> ok | E30: =IF((Disability!H45+Disability!H48)=100,"ok","nok") -> ok | F30: =IF((Disability!I45+Disability!I48)=100,"ok","nok") -> ok | G30: =IF((Disability!J45+Disability!J48)=100,"ok","nok") -> ok | H30: =IF((Disability!K45+Disability!K48)=100,"ok","nok") -> ok | I30: =IF((Disability!L45+Disability!L48)=100,"ok","nok") -> ok | ... S30: =IF((Disability!V45+Disability!V48)=100,"ok","nok") -> ok
B31: =IF((Disability!E46+Disability!E49)=100,"ok","nok") -> ok | C31: =IF((Disability!F46+Disability!F49)=100,"ok","nok") -> ok | D31: =IF((Disability!G46+Disability!G49)=100,"ok","nok") -> ok | E31: =IF((Disability!H46+Disability!H49)=100,"ok","nok") -> ok | F31: =IF((Disability!I46+Disability!I49)=100,"ok","nok") -> ok | G31: =IF((Disability!J46+Disability!J49)=100,"ok","nok") -> ok | H31: =IF((Disability!K46+Disability!K49)=100,"ok","nok") -> ok | I31: =IF((Disability!L46+Disability!L49)=100,"ok","nok") -> ok | ... S31: =IF((Disability!V46+Disability!V49)=100,"ok","nok") -> ok
B32: =IF((Disability!E47+Disability!E50)=100,"ok","nok") -> ok | C32: =IF((Disability!F47+Disability!F50)=100,"ok","nok") -> ok | D32: =IF((Disability!G47+Disability!G50)=100,"ok","nok") -> ok | E32: =IF((Disability!H47+Disability!H50)=100,"ok","nok") -> ok | F32: =IF((Disability!I47+Disability!I50)=100,"ok","nok") -> ok | G32: =IF((Disability!J47+Disability!J50)=100,"ok","nok") -> ok | H32: =IF((Disability!K47+Disability!K50)=100,"ok","nok") -> ok | I32: =IF((Disability!L47+Disability!L50)=100,"ok","nok") -> ok | ... S32: =IF((Disability!V47+Disability!V50)=100,"ok","nok") -> ok
B33: =IF((Disability!E51+Disability!E54)=100,"ok","nok") -> ok | C33: =IF((Disability!F51+Disability!F54)=100,"ok","nok") -> ok | D33: =IF((Disability!G51+Disability!G54)=100,"ok","nok") -> ok | E33: =IF((Disability!H51+Disability!H54)=100,"ok","nok") -> ok | F33: =IF((Disability!I51+Disability!I54)=100,"ok","nok") -> ok | G33: =IF((Disability!J51+Disability!J54)=100,"ok","nok") -> ok | H33: =IF((Disability!K51+Disability!K54)=100,"ok","nok") -> ok | I33: =IF((Disability!L51+Disability!L54)=100,"ok","nok") -> ok | ... S33: =IF((Disability!V51+Disability!V54)=100,"ok","nok") -> ok
B34: =IF((Disability!E52+Disability!E55)=100,"ok","nok") -> ok | C34: =IF((Disability!F52+Disability!F55)=100,"ok","nok") -> ok | D34: =IF((Disability!G52+Disability!G55)=100,"ok","nok") -> ok | E34: =IF((Disability!H52+Disability!H55)=100,"ok","nok") -> ok | F34: =IF((Disability!I52+Disability!I55)=100,"ok","nok") -> ok | G34: =IF((Disability!J52+Disability!J55)=100,"ok","nok") -> ok | H34: =IF((Disability!K52+Disability!K55)=100,"ok","nok") -> ok | I34: =IF((Disability!L52+Disability!L55)=100,"ok","nok") -> ok | ... S34: =IF((Disability!V52+Disability!V55)=100,"ok","nok") -> ok
B35: =IF((Disability!E53+Disability!E56)=100,"ok","nok") -> ok | C35: =IF((Disability!F53+Disability!F56)=100,"ok","nok") -> ok | D35: =IF((Disability!G53+Disability!G56)=100,"ok","nok") -> ok | E35: =IF((Disability!H53+Disability!H56)=100,"ok","nok") -> ok | F35: =IF((Disability!I53+Disability!I56)=100,"ok","nok") -> ok | G35: =IF((Disability!J53+Disability!J56)=100,"ok","nok") -> ok | H35: =IF((Disability!K53+Disability!K56)=100,"ok","nok") -> ok | I35: =IF((Disability!L53+Disability!L56)=100,"ok","nok") -> ok | ... S35: =IF((Disability!V53+Disability!V56)=100,"ok","nok") -> ok
B36: =IF((Disability!E57+Disability!E60)=100,"ok","nok") -> ok | C36: =IF((Disability!F57+Disability!F60)=100,"ok","nok") -> ok | D36: =IF((Disability!G57+Disability!G60)=100,"ok","nok") -> ok | E36: =IF((Disability!H57+Disability!H60)=100,"ok","nok") -> ok | F36: =IF((Disability!I57+Disability!I60)=100,"ok","nok") -> ok | G36: =IF((Disability!J57+Disability!J60)=100,"ok","nok") -> ok | H36: =IF((Disability!K57+Disability!K60)=100,"ok","nok") -> ok | I36: =IF((Disability!L57+Disability!L60)=100,"ok","nok") -> ok | ... S36: =IF((Disability!V57+Disability!V60)=100,"ok","nok") -> ok
B37: =IF((Disability!E58+Disability!E61)=100,"ok","nok") -> ok | C37: =IF((Disability!F58+Disability!F61)=100,"ok","nok") -> ok | D37: =IF((Disability!G58+Disability!G61)=100,"ok","nok") -> ok | E37: =IF((Disability!H58+Disability!H61)=100,"ok","nok") -> ok | F37: =IF((Disability!I58+Disability!I61)=100,"ok","nok") -> ok | G37: =IF((Disability!J58+Disability!J61)=100,"ok","nok") -> ok | H37: =IF((Disability!K58+Disability!K61)=100,"ok","nok") -> ok | I37: =IF((Disability!L58+Disability!L61)=100,"ok","nok") -> ok | ... S37: =IF((Disability!V58+Disability!V61)=100,"ok","nok") -> ok
B38: =IF((Disability!E59+Disability!E62)=100,"ok","nok") -> ok | C38: =IF((Disability!F59+Disability!F62)=100,"ok","nok") -> ok | D38: =IF((Disability!G59+Disability!G62)=100,"ok","nok") -> ok | E38: =IF((Disability!H59+Disability!H62)=100,"ok","nok") -> ok | F38: =IF((Disability!I59+Disability!I62)=100,"ok","nok") -> ok | G38: =IF((Disability!J59+Disability!J62)=100,"ok","nok") -> ok | H38: =IF((Disability!K59+Disability!K62)=100,"ok","nok") -> ok | I38: =IF((Disability!L59+Disability!L62)=100,"ok","nok") -> ok | ... S38: =IF((Disability!V59+Disability!V62)=100,"ok","nok") -> ok

Sheet FORECASTS >>>
B2: FORECAST SHEETS

Sheet Population
A1: Population in Numbers per Age and Gender Group 2008-2025 (annual) | D1: 2008 | E1: 2009 | F1: 2010 | G1: 2011 | H1: 2012 | I1: 2013 | J1: 2014 | K1: 2015 | L1: 2016 | M1: 2017 | N1: 2018 | O1: 2019 | P1: 2020 | Q1: 2021 | R1: 2022 | S1: 2023 | T1: 2024 | U1: 2025 | V1: 2026 | W1: 2027 | X1: 2028 | Y1: 2029 | Z1: 2030 | AA1: 2031 | AB1: 2032 | AC1: 2033 | AD1: 2034 | AE1: 2035 | AF1: 2036
A2: Age group | B2: Gender | C2: Country
A3: 45-49 | B3: males | C3: Estonia | D3: 46490 | E3: 45970 | F3: 45360 | G3: 44100 | H3: 42900 | I3: 41693 | J3: 41553 | K3: 41717 | L3: 42355 | M3: 43563 | N3: 45169 | O3: 46055 | P3: 46427 | Q3: 46677 | R3: 46714 | S3: 47550 | T3: 47886 | U3: 48027
C4: Latvia | D4: 78392 | E4: 76313 | F4: 74009 | G4: 70880 | H4: 68362 | I4: 66577 | J4: 65271 | K4: 64561 | L4: 64393 | M4: 64266 | N4: 64411 | O4: 64157 | P4: 64157 | Q4: 63622 | R4: 62894 | S4: 60434 | T4: 60139 | U4: 59882
C5: Lithuania | D5: 122232 | E5: 120465 | F5: 116956 | G5: 111656 | H5: 107123 | I5: 104020 | J5: 102256 | K5: 101129 | L5: 100479 | M5: 100052 | N5: 99115 | O5: 97568 | P5: 96512 | Q5: 93631 | R5: 91871 | S5: 93206 | T5: =AVERAGE(S5,U5) -> 95185.5 | U5: 97165
A6: 45-49 | B6: females | C6: Estonia | D6: 50350 | E6: 49370 | F6: 48310 | G6: 46680 | H6: 44885 | I6: 43639 | J6: 43137 | K6: 43075 | L6: 43499 | M6: 44308 | N6: 45053 | O6: 45292 | P6: 45307 | Q6: 44861 | R6: 44632 | S6: 45834 | T6: 46341 | U6: 46132
C7: Latvia | D7: 86948 | E7: 84858 | F7: 82049 | G7: 78141 | H7: 75062 | I7: 72654 | J7: 70841 | K7: 69573 | L7: 69529 | M7: 69284 | N7: 68797 | O7: 68254 | P7: 67749 | Q7: 66825 | R7: 65253 | S7: 65158 | T7: 63898 | U7: 62734
C8: Lithuania | D8: 134585 | E8: 132192 | F8: 128384 | G8: 121685 | H8: 116577 | I8: 113491 | J8: 111532 | K8: 109990 | L8: 109489 | M8: 108774 | N8: 107294 | O8: 105221 | P8: 103440 | Q8: 100431 | R8: 97623 | S8: 96817 | T8: =AVERAGE(S8,U8) -> 95800.5 | U8: 94784
A9: 50-54 | B9: males | C9: Estonia | D9: 42940 | E9: 43370 | F9: 43640 | G9: 43770 | H9: 44146 | I9: 44243 | J9: 43966 | K9: 43457 | L9: 41991 | M9: 41056 | N9: 40263 | O9: 40588 | P9: 41120 | Q9: 42241 | R9: 43700 | S9: 45608 | T9: 46318 | U9: 46471
C10: Latvia | D10: 67739 | E10: 69641 | F10: 70320 | G10: 70695 | H10: 71476 | I10: 71159 | J10: 69665 | K10: 68443 | L10: 66203 | M10: 63918 | N10: 62193 | O10: 61191 | P10: 60656 | Q10: 60765 | R10: 61275 | S10: 61077 | T10: 61022 | U10: 61077
C11: Lithuania | D11: 96444 | E11: 101167 | F11: 104849 | G11: 107324 | H11: 110480 | I11: 111567 | J11: 110418 | K11: 108696 | L11: 105685 | M11: 102196 | N11: 99432 | O11: 98319 | P11: 98124 | Q11: 97747 | R11: 98385 | S11: 99331 | T11: 99459 | U11: 97989
A12: 50-54 | B12: females | C12: Estonia | D12: 49670 | E12: 49850 | F12: 49660 | G12: 49420 | H12: 49414 | I12: 48897 | J12: 47982 | K12: 46956 | L12: 45243 | M12: 43622 | N12: 42678 | O12: 42517 | P12: 42693 | Q12: 43296 | R12: 44298 | S12: 46160 | T12: 46811 | U12: 46921
C13: Latvia | D13: 79866 | E13: 81399 | F13: 81909 | G13: 82148 | H13: 82429 | I13: 81831 | J13: 80335 | K13: 78170 | L13: 74667 | M13: 71937 | N13: 69692 | O13: 68068 | P13: 67059 | Q13: 67333 | R13: 67428 | S13: 68256 | T13: 67814 | U13: 67306
C14: Lithuania | D14: 111325 | E14: 116663 | F14: 121351 | G14: 123817 | H14: 126795 | I14: 127573 | J14: 125467 | K14: 122408 | L14: 118032 | M14: 113584 | N14: 110638 | O14: 108951 | P14: 107694 | Q14: 108319 | R14: 107927 | S14: 107604 | T14: 105861 | U14: 104208
A15: 55-59 | B15: males | C15: Estonia | D15: 38920 | E15: 38980 | F15: 38910 | G15: 39600 | H15: 39819 | I15: 40131 | J15: 40624 | K15: 41007 | L15: 40928 | M15: 41279 | N15: 41770 | O15: 41833 | P15: 41599 | Q15: 40735 | R15: 40122 | S15: 39645 | T15: 39939 | U15: 40210
C16: Latvia | D16: 59161 | E16: 58360 | F16: 57936 | G16: 58427 | H16: 58801 | I16: 60457 | J16: 62715 | K16: 63999 | L16: 64872 | M16: 65686 | N16: 65401 | O16: 64246 | P16: 63178 | Q16: 61409 | R16: 59520 | S16: 58253 | T16: 57573 | U16: 57334
C17: Lithuania | D17: 83465 | E17: 83184 | F17: 82608 | G17: 82796 | H17: 83510 | I17: 86305 | J17: 91379 | K17: 95763 | L17: 99361 | M17: 103039 | N17: 104409 | O17: 103817 | P17: 102927 | Q17: 101687 | R17: 98930 | S17: 97036 | T17: 96583 | U17: 95956
A18: 55-59 | B18: females | C18: Estonia | D18: 48640 | E18: 48360 | F18: 48020 | G18: 48500 | H18: 48350 | I18: 48211 | J18: 48340 | K18: 48243 | L18: 47800 | M18: 47827 | N18: 47508 | O18: 46886 | P18: 46041 | Q18: 44831 | R18: 43442 | S18: 43370 | T18: 43454 | U18: 43496
C19: Latvia | D19: 76293 | E19: 75090 | F19: 73921 | G19: 74277 | H19: 74242 | I19: 75098 | J19: 76895 | K19: 77823 | L19: 78509 | M19: 78888 | N19: 78545 | O19: 77162 | P19: 75104 | Q19: 72108 | R19: 69710 | S19: 69061 | T19: 67641 | U19: 66613
C20: Lithuania | D20: 104333 | E20: 103649 | F20: 102307 | G20: 102162 | H20: 102883 | I20: 105307 | J20: 110725 | K20: 115518 | L20: 119526 | M20: 123087 | N20: 123933 | O20: 122205 | P20: 119498 | Q20: 116887 | R20: 113102 | S20: 111014 | T20: 109657 | U20: 108456
A21: 60-64 | B21: males | C21: Estonia | D21: 28060 | E21: 29890 | F21: 32150 | G21: 33870 | H21: 34754 | I21: 35155 | J21: 35311 | K21: 35436 | L21: 36463 | M21: 36759 | N21: 37181 | O21: 37809 | P21: 38391 | Q21: 38599 | R21: 39044 | S21: 39870 | T21: 39987 | U21: 39653
C22: Latvia | D22: 45702 | E22: 46268 | F22: 47838 | G22: 49557 | H22: 51130 | I22: 51510 | J22: 51120 | K22: 51131 | L22: 51956 | M22: 52609 | N22: 54198 | O22: 56322 | P22: 57448 | Q22: 58392 | R22: 59254 | S22: 60076 | T22: 59121 | U22: 58191
C23: Lithuania | D23: 64612 | E23: 64457 | F23: 67388 | G23: 68523 | H23: 70741 | I23: 72884 | J23: 73400 | K23: 73744 | L23: 75059 | M23: 76332 | N23: 79304 | O23: 84215 | P23: 88688 | Q23: 92818 | R23: 96792 | S23: 98908 | T23: 98858 | U23: 97773
A24: 60-64 | B24: females | C24: Estonia | D24: 38040 | E24: 40540 | F24: 43390 | G24: 45650 | H24: 46709 | I24: 47065 | J24: 46821 | K24: 46485 | L24: 47047 | M24: 46886 | N24: 46963 | O24: 47297 | P24: 47345 | Q24: 47240 | R24: 47490 | S24: 47943 | T24: 47496 | U24: 46642
C25: Latvia | D25: 64634 | E25: 65198 | F25: 67670 | G25: 69621 | H25: 71433 | I25: 71864 | J25: 70929 | K25: 70010 | L25: 70529 | M25: 70804 | N25: 71699 | O25: 73417 | P25: 74399 | Q25: 75130 | R25: 75596 | S25: 77172 | T25: 76032 | U25: 74042
C26: Lithuania | D26: 88949 | E26: 88561 | F26: 92845 | G26: 94094 | H26: 96998 | I26: 99310 | J26: 98886 | K26: 97897 | L26: 98450 | M26: 99441 | N26: 101997 | O26: 107456 | P26: 112343 | Q26: 117176 | R26: 121271 | S26: 123329 | T26: 121956 | U26: 119235
A27: 65-69 | B27: males | C27: Estonia | D27: 28700 | E27: 27000 | F27: 25470 | G27: 24340 | H27: 23678 | I27: 24352 | J27: 26084 | K27: 28117 | L27: 29973 | M27: 30840 | N27: 31388 | O27: 31841 | P27: 32108 | Q27: 32965 | R27: 33234 | S27: 33840 | T27: 34651 | U27: 35263
C28: Latvia | D28: 48548 | E28: 46368 | F28: 43586 | G28: 40836 | H28: 38217 | I28: 37821 | J28: 38658 | K28: 40349 | L28: 42187 | M28: 43615 | N28: 44025 | O28: 43780 | P28: 43882 | Q28: 44750 | R28: 45217 | S28: 47707 | T28: 49870 | U28: 51020
C29: Lithuania | D29: 65296 | E29: 63304 | F29: 60052 | G29: 58543 | H29: 55761 | I29: 53639 | J29: 53809 | K29: 56914 | L29: 58399 | M29: 60691 | N29: 62891 | O29: 63663 | P29: 64196 | Q29: 65526 | R29: 66858 | S29: 70598 | T29: 75526 | U29: 79928
A30: 65-69 | B30: females | C30: Estonia | D30: 44410 | E30: 41470 | F30: 38750 | G30: 36630 | H30: 35264 | I30: 36027 | J30: 38537 | K30: 41358 | L30: 43836 | M30: 45011 | N30: 45543 | O30: 45503 | P30: 45393 | Q30: 45966 | R30: 45831 | S30: 46586 | T30: 47246 | U30: 47537
C31: Latvia | D31: 77807 | E31: 74373 | F31: 70263 | G31: 65686 | H31: 61632 | I31: 59991 | J31: 60593 | K31: 63150 | L31: 65230 | M31: 67017 | N31: 67530 | O31: 66689 | P31: 65922 | Q31: 66714 | R31: 67036 | S31: 69235 | T31: 70940 | U31: 71983
C32: Lithuania | D32: 99741 | E32: 97256 | F32: 92833 | G32: 90956 | H32: 86920 | I32: 83379 | J32: 83190 | K32: 87528 | L32: 88908 | M32: 91781 | N32: 94036 | O32: 93827 | P32: 92907 | Q32: 93500 | R32: 94867 | S32: 98613 | T32: 104603 | U32: 110028
A33: 70-74 | B33: males | C33: Estonia | D33: 21630 | E33: 22320 | F33: 23200 | G33: 23390 | H33: 24021 | I33: 23498 | J33: 22243 | K33: 21058 | L33: 20131 | M33: 19800 | N33: 20531 | O33: 21967 | P33: 23816 | Q33: 25319 | R33: 25969 | S33: 26447 | T33: 26914 | U33: 27338
C34: Latvia | D34: 34702 | E34: 36065 | F34: 37704 | G34: 38268 | H34: 38856 | I34: 37981 | J34: 36487 | K34: 34418 | L34: 32326 | M34: 30274 | N34: 30195 | O34: 31002 | P34: 32666 | Q34: 34143 | R34: 34981 | S34: 35595 | T34: 35602 | U34: 35896
C35: Lithuania | D35: 52723 | E35: 52865 | F35: 53156 | G35: 52750 | H35: 52158 | I35: 52154 | J35: 50608 | K35: 48056 | L35: 46884 | M35: 44703 | N35: 43144 | O35: 43507 | P35: 46407 | Q35: 49426 | R35: 50894 | S35: 52532 | T35: 53345 | U35: 54065
A36: 70-74 | B36: females | C36: Estonia | D36: 38960 | E36: 40330 | F36: 41820 | G36: 42030 | H36: 42839 | I36: 41190 | J36: 38477 | K36: 35970 | L36: 34117 | M36: 32962 | N36: 33746 | O36: 36137 | P36: 38893 | Q36: 41100 | R36: 42148 | S36: 43025 | T36: 43285 | U36: 43337
C37: Latvia | D37: 65291 | E37: 67258 | F37: 69853 | G37: 71052 | H37: 71606 | I37: 70188 | J37: 67202 | K37: 63605 | L37: 59545 | M37: 55967 | N37: 54535 | O37: 55230 | P37: 57704 | Q37: 59652 | R37: 61032 | S37: 62135 | T37: 61554 | U37: 61070
C38: Lithuania | D38: 92932 | E38: 93178 | F38: 93267 | G38: 92465 | H38: 91379 | I38: 90983 | J38: 88836 | K38: 84785 | L38: 83112 | M38: 79406 | N38: 76190 | O38: 76246 | P38: 80455 | Q38: 82581 | R38: 85010 | S38: 87559 | T38: 87612 | U38: 87127
A39: 75-79 | B39: males | C39: Estonia | D39: 15920 | E39: 15670 | F39: 15390 | G39: 15300 | H39: 15572 | I39: 16123 | J39: 16775 | K39: 17613 | L39: 17867 | M39: 18367 | N39: 18058 | O39: 17256 | P39: 16407 | Q39: 15674 | R39: 15306 | S39: 16062 | T39: 17216 | U39: 18748
C40: Latvia | D40: 25213 | E40: 24653 | F40: 23844 | G40: 23504 | H40: 23734 | I40: 24701 | J40: 25937 | K40: 27367 | L40: 27979 | M40: 28599 | N40: 27829 | O40: 26728 | P40: 25191 | Q40: 23578 | R40: 21970 | S40: 22089 | T40: 22907 | U40: 24219
C41: Lithuania | D41: 39116 | E41: 39069 | F41: 38670 | G41: 38379 | H41: 38932 | I41: 38792 | J41: 39206 | K41: 39523 | L41: 39291 | M41: 38881 | N41: 38973 | O41: 37792 | P41: 35988 | Q41: 36574 | R41: 35041 | S41: 33976 | T41: 34621 | U41: 36889
A42: 75-79 | B42: females | C42: Estonia | D42: 34600 | E42: 33730 | F42: 33050 | G42: 32870 | H42: 33077 | I42: 34170 | J42: 35498 | K42: 36944 | L42: 37307 | M42: 38205 | N42: 36837 | O42: 34427 | P42: 32226 | Q42: 30598 | R42: 29475 | S42: 30306 | T42: 32659 | U42: 35244
C43: Latvia | D43: 56101 | E43: 54732 | F43: 53675 | G43: 53096 | H43: 53669 | I43: 54921 | J43: 56978 | K43: 59572 | L43: 60904 | M43: 61534 | N43: 60460 | O43: 58037 | P43: 54996 | Q43: 51380 | R43: 48034 | S43: 47034 | T43: 47791 | U43: 50007
C44: Lithuania | D44: 80122 | E44: 79503 | F44: 79219 | G44: 79212 | H44: 80313 | I44: 80132 | J44: 80561 | K44: 80850 | L44: 80042 | M44: 79072 | N44: 78808 | O44: 77194 | P44: 73975 | Q44: 73494 | R44: 69924 | S44: 67511 | T44: 68081 | U44: 72307
A45: 80-84 | B45: males | C45: Estonia | D45: 7940 | E45: 8540 | F45: 9020 | G45: 9580 | H45: 10001 | I45: 10199 | J45: 10251 | K45: 10140 | L45: 10232 | M45: 10461 | N45: 10992 | O45: 11517 | P45: 12182 | Q45: 12470 | R45: 12662 | S45: 12329 | T45: 11864 | U45: 11305
C46: Latvia | D46: 11687 | E46: 12673 | F46: 13721 | G46: 14587 | H46: 15247 | I46: 15229 | J46: 15089 | K46: 14683 | L46: 14745 | M46: 15115 | N46: 15902 | O46: 16700 | P46: 17716 | Q46: 18166 | R46: 18134 | S46: 17533 | T46: 16971 | U46: 16054
C47: Lithuania | D47: 19721 | E47: 21180 | F47: 22331 | G47: 23767 | H47: 24647 | I47: 25042 | J47: 24913 | K47: 24784 | L47: 24692 | M47: 25222 | N47: 25212 | O47: 25664 | P47: 26060 | Q47: 25387 | R47: 25216 | S47: 25783 | T47: 25719 | U47: 25046
A48: 80-84 | B48: females | C48: Estonia | D48: 23780 | E48: 24600 | F48: 25330 | G48: 25970 | H48: 26539 | I48: 26965 | J48: 26495 | K48: 26051 | L48: 26198 | M48: 26670 | N48: 27743 | O48: 29027 | P48: 30321 | Q48: 30634 | R48: 31149 | S48: 30060 | T48: 28231 | U48: 26550
C49: Latvia | D49: 39750 | E49: 40697 | F49: 40870 | G49: 41223 | H49: 41292 | I49: 41376 | J49: 40619 | K49: 40069 | L49: 39866 | M49: 40723 | N49: 42209 | O49: 44049 | P49: 46364 | Q49: 47524 | R49: 47318 | S49: 46642 | T49: 44894 | U49: 42514
C50: Lithuania | D50: 55022 | E50: 57108 | F50: 58079 | G50: 58907 | H50: 59568 | I50: 60923 | J50: 60574 | K50: 60738 | L50: 61022 | M50: 62243 | N50: 62399 | O50: 62831 | P50: 63360 | Q50: 60804 | R50: 60254 | S50: 61361 | T50: 61252 | U50: 59511
A51: 85+ | B51: males | C51: Estonia | D51: 3480 | E51: 3730 | F51: 3950 | G51: 4270 | H51: 4640 | I51: 5182 | J51: 5672 | K51: 6068 | L51: 6586 | M51: 7078 | N51: 7423 | O51: 7600 | P51: 7776 | Q51: 8095 | R51: 8229 | S51: 8578 | T51: 8861 | U51: 9320
C52: Latvia | D52: 5255 | E52: 5444 | F52: 5659 | G52: 6019 | H52: 6442 | I52: 7193 | J52: 7910 | K52: 8573 | L52: 9232 | M52: 9660 | N52: 9917 | O52: 10154 | P52: 10227 | Q52: 10468 | R52: 10531 | S52: 10952 | T52: 11514 | U52: 12171
C53: Lithuania | D53: 9723 | E53: 10258 | F53: 10673 | G53: 11139 | H53: 11791 | I53: 12767 | J53: 13647 | K53: 14492 | L53: 15437 | M53: 15933 | N53: 16522 | O53: 17092 | P53: 17496 | Q53: 17909 | R53: 17709 | S53: 17902 | T53: 18573 | U53: 19261
A54: 85+ | B54: females | C54: Estonia | D54: 14240 | E54: 15420 | F54: 16470 | G54: 17640 | H54: 18988 | I54: 20347 | J54: 21751 | K54: 23033 | L54: 24078 | M54: 25080 | N54: 26121 | O54: 26573 | P54: 27079 | Q54: 27820 | R54: 28143 | S54: 29220 | T54: 30534 | U54: 31801
C55: Latvia | D55: 21321 | E55: 23208 | F55: 25002 | G55: 26869 | H55: 28851 | I55: 30383 | J55: 32142 | K55: 33290 | L55: 34571 | M55: 35405 | N55: 36254 | O55: 36610 | P55: 36745 | Q55: 37323 | R55: 37370 | S55: 38312 | T55: 40046 | U55: 41893
C56: Lithuania | D56: 31541 | E56: 34028 | F56: 36616 | G56: 39189 | H56: 41864 | I56: 44149 | J56: 46740 | K56: 48577 | L56: 49994 | M56: 51460 | N56: 53147 | O56: 54439 | P56: 55664 | Q56: 54739 | R56: 54855 | S56: 55831 | T56: 57652 | U56: 59348
A58: Population in Numbers per Age and Gender Group 2008-2025 (annual)
A59: 45-54 | B59: males | C59: Estonia | D59: =D3+D9 -> 89430 | E59: =E3+E9 -> 89340 | F59: =F3+F9 -> 89000 | G59: =G3+G9 -> 87870 | H59: =H3+H9 -> 87046 | I59: =I3+I9 -> 85936 | J59: =J3+J9 -> 85519 | K59: =K3+K9 -> 85174 | ... U59: =U3+U9 -> 94498 | V59: =ROUND(_xlfn.FORECAST.LINEAR(V$1,$D59:U59,$D$1:U$1),0) -> 90988 | W59: =ROUND(_xlfn.FORECAST.LINEAR(W$1,$D59:V59,$D$1:V$1),0) -> 91273 | X59: =ROUND(_xlfn.FORECAST.LINEAR(X$1,$D59:W59,$D$1:W$1),0) -> 91558 | Y59: =ROUND(_xlfn.FORECAST.LINEAR(Y$1,$D59:X59,$D$1:X$1),0) -> 91843 | Z59: =ROUND(_xlfn.FORECAST.LINEAR(Z$1,$D59:Y59,$D$1:Y$1),0) -> 92127 | AA59: =ROUND(_xlfn.FORECAST.LINEAR(AA$1,$D59:Z59,$D$1:Z$1),0) -> 92412 | AB59: =ROUND(_xlfn.FORECAST.LINEAR(AB$1,$D59:AA59,$D$1:AA$1),0) -> 92697 | AC59: =ROUND(_xlfn.FORECAST.LINEAR(AC$1,$D59:AB59,$D$1:AB$1),0) -> 92982 | ... AF59: =ROUND(_xlfn.FORECAST.LINEAR(AF$1,$D59:AE59,$D$1:AE$1),0) -> 93836
C60: Latvia | D60: =D4+D10 -> 146131 | E60: =E4+E10 -> 145954 | F60: =F4+F10 -> 144329 | G60: =G4+G10 -> 141575 | H60: =H4+H10 -> 139838 | I60: =I4+I10 -> 137736 | J60: =J4+J10 -> 134936 | K60: =K4+K10 -> 133004 | ... U60: =U4+U10 -> 120959 | V60: =ROUND(_xlfn.FORECAST.LINEAR(V$1,$D60:U60,$D$1:U$1),0) -> 116177 | W60: =ROUND(_xlfn.FORECAST.LINEAR(W$1,$D60:V60,$D$1:V$1),0) -> 114539 | X60: =ROUND(_xlfn.FORECAST.LINEAR(X$1,$D60:W60,$D$1:W$1),0) -> 112901 | Y60: =ROUND(_xlfn.FORECAST.LINEAR(Y$1,$D60:X60,$D$1:X$1),0) -> 111263 | Z60: =ROUND(_xlfn.FORECAST.LINEAR(Z$1,$D60:Y60,$D$1:Y$1),0) -> 109626 | AA60: =ROUND(_xlfn.FORECAST.LINEAR(AA$1,$D60:Z60,$D$1:Z$1),0) -> 107988 | AB60: =ROUND(_xlfn.FORECAST.LINEAR(AB$1,$D60:AA60,$D$1:AA$1),0) -> 106350 | AC60: =ROUND(_xlfn.FORECAST.LINEAR(AC$1,$D60:AB60,$D$1:AB$1),0) -> 104712 | ... AF60: =ROUND(_xlfn.FORECAST.LINEAR(AF$1,$D60:AE60,$D$1:AE$1),0) -> 99799
C61: Lithuania | D61: =D5+D11 -> 218676 | E61: =E5+E11 -> 221632 | F61: =F5+F11 -> 221805 | G61: =G5+G11 -> 218980 | H61: =H5+H11 -> 217603 | I61: =I5+I11 -> 215587 | J61: =J5+J11 -> 212674 | K61: =K5+K11 -> 209825 | ... U61: =U5+U11 -> 195154 | V61: =ROUND(_xlfn.FORECAST.LINEAR(V$1,$D61:U61,$D$1:U$1),0) -> 185796 | W61: =ROUND(_xlfn.FORECAST.LINEAR(W$1,$D61:V61,$D$1:V$1),0) -> 183726 | X61: =ROUND(_xlfn.FORECAST.LINEAR(X$1,$D61:W61,$D$1:W$1),0) -> 181656 | Y61: =ROUND(_xlfn.FORECAST.LINEAR(Y$1,$D61:X61,$D$1:X$1),0) -> 179587 | Z61: =ROUND(_xlfn.FORECAST.LINEAR(Z$1,$D61:Y61,$D$1:Y$1),0) -> 177517 | AA61: =ROUND(_xlfn.FORECAST.LINEAR(AA$1,$D61:Z61,$D$1:Z$1),0) -> 175447 | AB61: =ROUND(_xlfn.FORECAST.LINEAR(AB$1,$D61:AA61,$D$1:AA$1),0) -> 173378 | AC61: =ROUND(_xlfn.FORECAST.LINEAR(AC$1,$D61:AB61,$D$1:AB$1),0) -> 171308 | ... AF61: =ROUND(_xlfn.FORECAST.LINEAR(AF$1,$D61:AE61,$D$1:AE$1),0) -> 165099
A62: 45-54 | B62: females | C62: Estonia | D62: =D6+D12 -> 100020 | E62: =E6+E12 -> 99220 | F62: =F6+F12 -> 97970 | G62: =G6+G12 -> 96100 | H62: =H6+H12 -> 94299 | I62: =I6+I12 -> 92536 | J62: =J6+J12 -> 91119 | K62: =K6+K12 -> 90031 | ... U62: =U6+U12 -> 93053 | V62: =ROUND(_xlfn.FORECAST.LINEAR(V$1,$D62:U62,$D$1:U$1),0) -> 87365 | W62: =ROUND(_xlfn.FORECAST.LINEAR(W$1,$D62:V62,$D$1:V$1),0) -> 86872 | X62: =ROUND(_xlfn.FORECAST.LINEAR(X$1,$D62:W62,$D$1:W$1),0) -> 86379 | Y62: =ROUND(_xlfn.FORECAST.LINEAR(Y$1,$D62:X62,$D$1:X$1),0) -> 85887 | Z62: =ROUND(_xlfn.FORECAST.LINEAR(Z$1,$D62:Y62,$D$1:Y$1),0) -> 85394 | AA62: =ROUND(_xlfn.FORECAST.LINEAR(AA$1,$D62:Z62,$D$1:Z$1),0) -> 84902 | AB62: =ROUND(_xlfn.FORECAST.LINEAR(AB$1,$D62:AA62,$D$1:AA$1),0) -> 84409 | AC62: =ROUND(_xlfn.FORECAST.LINEAR(AC$1,$D62:AB62,$D$1:AB$1),0) -> 83917 | ... AF62: =ROUND(_xlfn.FORECAST.LINEAR(AF$1,$D62:AE62,$D$1:AE$1),0) -> 82439
C63: Latvia | D63: =D7+D13 -> 166814 | E63: =E7+E13 -> 166257 | F63: =F7+F13 -> 163958 | G63: =G7+G13 -> 160289 | H63: =H7+H13 -> 157491 | I63: =I7+I13 -> 154485 | J63: =J7+J13 -> 151176 | K63: =K7+K13 -> 147743 | ... U63: =U7+U13 -> 130040 | V63: =ROUND(_xlfn.FORECAST.LINEAR(V$1,$D63:U63,$D$1:U$1),0) -> 123329 | W63: =ROUND(_xlfn.FORECAST.LINEAR(W$1,$D63:V63,$D$1:V$1),0) -> 120959 | X63: =ROUND(_xlfn.FORECAST.LINEAR(X$1,$D63:W63,$D$1:W$1),0) -> 118589 | Y63: =ROUND(_xlfn.FORECAST.LINEAR(Y$1,$D63:X63,$D$1:X$1),0) -> 116218 | Z63: =ROUND(_xlfn.FORECAST.LINEAR(Z$1,$D63:Y63,$D$1:Y$1),0) -> 113848 | AA63: =ROUND(_xlfn.FORECAST.LINEAR(AA$1,$D63:Z63,$D$1:Z$1),0) -> 111478 | AB63: =ROUND(_xlfn.FORECAST.LINEAR(AB$1,$D63:AA63,$D$1:AA$1),0) -> 109107 | AC63: =ROUND(_xlfn.FORECAST.LINEAR(AC$1,$D63:AB63,$D$1:AB$1),0) -> 106737 | ... AF63: =ROUND(_xlfn.FORECAST.LINEAR(AF$1,$D63:AE63,$D$1:AE$1),0) -> 99626
C64: Lithuania | D64: =D8+D14 -> 245910 | E64: =E8+E14 -> 248855 | F64: =F8+F14 -> 249735 | G64: =G8+G14 -> 245502 | H64: =H8+H14 -> 243372 | I64: =I8+I14 -> 241064 | J64: =J8+J14 -> 236999 | K64: =K8+K14 -> 232398 | ... U64: =U8+U14 -> 198992 | V64: =ROUND(_xlfn.FORECAST.LINEAR(V$1,$D64:U64,$D$1:U$1),0) -> 193804 | W64: =ROUND(_xlfn.FORECAST.LINEAR(W$1,$D64:V64,$D$1:V$1),0) -> 190483 | X64: =ROUND(_xlfn.FORECAST.LINEAR(X$1,$D64:W64,$D$1:W$1),0) -> 187162 | Y64: =ROUND(_xlfn.FORECAST.LINEAR(Y$1,$D64:X64,$D$1:X$1),0) -> 183841 | Z64: =ROUND(_xlfn.FORECAST.LINEAR(Z$1,$D64:Y64,$D$1:Y$1),0) -> 180520 | AA64: =ROUND(_xlfn.FORECAST.LINEAR(AA$1,$D64:Z64,$D$1:Z$1),0) -> 177200 | AB64: =ROUND(_xlfn.FORECAST.LINEAR(AB$1,$D64:AA64,$D$1:AA$1),0) -> 173879 | AC64: =ROUND(_xlfn.FORECAST.LINEAR(AC$1,$D64:AB64,$D$1:AB$1),0) -> 170558 | ... AF64: =ROUND(_xlfn.FORECAST.LINEAR(AF$1,$D64:AE64,$D$1:AE$1),0) -> 160596
A65: 55-64 | B65: males | C65: Estonia | D65: =D15+D21 -> 66980 | E65: =E15+E21 -> 68870 | F65: =F15+F21 -> 71060 | G65: =G15+G21 -> 73470 | H65: =H15+H21 -> 74573 | I65: =I15+I21 -> 75286 | J65: =J15+J21 -> 75935 | K65: =K15+K21 -> 76443 | ... U65: =U15+U21 -> 79863 | V65: =ROUND(_xlfn.FORECAST.LINEAR(V$1,$D65:U65,$D$1:U$1),0) -> 82827 | W65: =ROUND(_xlfn.FORECAST.LINEAR(W$1,$D65:V65,$D$1:V$1),0) -> 83508 | X65: =ROUND(_xlfn.FORECAST.LINEAR(X$1,$D65:W65,$D$1:W$1),0) -> 84189 | Y65: =ROUND(_xlfn.FORECAST.LINEAR(Y$1,$D65:X65,$D$1:X$1),0) -> 84870 | Z65: =ROUND(_xlfn.FORECAST.LINEAR(Z$1,$D65:Y65,$D$1:Y$1),0) -> 85551 | AA65: =ROUND(_xlfn.FORECAST.LINEAR(AA$1,$D65:Z65,$D$1:Z$1),0) -> 86232 | AB65: =ROUND(_xlfn.FORECAST.LINEAR(AB$1,$D65:AA65,$D$1:AA$1),0) -> 86913 | AC65: =ROUND(_xlfn.FORECAST.LINEAR(AC$1,$D65:AB65,$D$1:AB$1),0) -> 87594 | ... AF65: =ROUND(_xlfn.FORECAST.LINEAR(AF$1,$D65:AE65,$D$1:AE$1),0) -> 89637
C66: Latvia | D66: =D16+D22 -> 104863 | E66: =E16+E22 -> 104628 | F66: =F16+F22 -> 105774 | G66: =G16+G22 -> 107984 | H66: =H16+H22 -> 109931 | I66: =I16+I22 -> 111967 | J66: =J16+J22 -> 113835 | K66: =K16+K22 -> 115130 | ... U66: =U16+U22 -> 115525 | V66: =ROUND(_xlfn.FORECAST.LINEAR(V$1,$D66:U66,$D$1:U$1),0) -> 122653 | W66: =ROUND(_xlfn.FORECAST.LINEAR(W$1,$D66:V66,$D$1:V$1),0) -> 123522 | X66: =ROUND(_xlfn.FORECAST.LINEAR(X$1,$D66:W66,$D$1:W$1),0) -> 124391 | Y66: =ROUND(_xlfn.FORECAST.LINEAR(Y$1,$D66:X66,$D$1:X$1),0) -> 125260 | Z66: =ROUND(_xlfn.FORECAST.LINEAR(Z$1,$D66:Y66,$D$1:Y$1),0) -> 126129 | AA66: =ROUND(_xlfn.FORECAST.LINEAR(AA$1,$D66:Z66,$D$1:Z$1),0) -> 126998 | AB66: =ROUND(_xlfn.FORECAST.LINEAR(AB$1,$D66:AA66,$D$1:AA$1),0) -> 127867 | AC66: =ROUND(_xlfn.FORECAST.LINEAR(AC$1,$D66:AB66,$D$1:AB$1),0) -> 128736 | ... AF66: =ROUND(_xlfn.FORECAST.LINEAR(AF$1,$D66:AE66,$D$1:AE$1),0) -> 131343
C67: Lithuania | D67: =D17+D23 -> 148077 | E67: =E17+E23 -> 147641 | F67: =F17+F23 -> 149996 | G67: =G17+G23 -> 151319 | H67: =H17+H23 -> 154251 | I67: =I17+I23 -> 159189 | J67: =J17+J23 -> 164779 | K67: =K17+K23 -> 169507 | ... U67: =U17+U23 -> 193729 | V67: =ROUND(_xlfn.FORECAST.LINEAR(V$1,$D67:U67,$D$1:U$1),0) -> 206958 | W67: =ROUND(_xlfn.FORECAST.LINEAR(W$1,$D67:V67,$D$1:V$1),0) -> 210396 | X67: =ROUND(_xlfn.FORECAST.LINEAR(X$1,$D67:W67,$D$1:W$1),0) -> 213835 | Y67: =ROUND(_xlfn.FORECAST.LINEAR(Y$1,$D67:X67,$D$1:X$1),0) -> 217273 | Z67: =ROUND(_xlfn.FORECAST.LINEAR(Z$1,$D67:Y67,$D$1:Y$1),0) -> 220712 | AA67: =ROUND(_xlfn.FORECAST.LINEAR(AA$1,$D67:Z67,$D$1:Z$1),0) -> 224150 | AB67: =ROUND(_xlfn.FORECAST.LINEAR(AB$1,$D67:AA67,$D$1:AA$1),0) -> 227589 | AC67: =ROUND(_xlfn.FORECAST.LINEAR(AC$1,$D67:AB67,$D$1:AB$1),0) -> 231027 | ... AF67: =ROUND(_xlfn.FORECAST.LINEAR(AF$1,$D67:AE67,$D$1:AE$1),0) -> 241343
A68: 55-64 | B68: females | C68: Estonia | D68: =D18+D24 -> 86680 | E68: =E18+E24 -> 88900 | F68: =F18+F24 -> 91410 | G68: =G18+G24 -> 94150 | H68: =H18+H24 -> 95059 | I68: =I18+I24 -> 95276 | J68: =J18+J24 -> 95161 | K68: =K18+K24 -> 94728 | ... U68: =U18+U24 -> 90138 | V68: =ROUND(_xlfn.FORECAST.LINEAR(V$1,$D68:U68,$D$1:U$1),0) -> 92755 | W68: =ROUND(_xlfn.FORECAST.LINEAR(W$1,$D68:V68,$D$1:V$1),0) -> 92762 | X68: =ROUND(_xlfn.FORECAST.LINEAR(X$1,$D68:W68,$D$1:W$1),0) -> 92770 | Y68: =ROUND(_xlfn.FORECAST.LINEAR(Y$1,$D68:X68,$D$1:X$1),0) -> 92777 | Z68: =ROUND(_xlfn.FORECAST.LINEAR(Z$1,$D68:Y68,$D$1:Y$1),0) -> 92784 | AA68: =ROUND(_xlfn.FORECAST.LINEAR(AA$1,$D68:Z68,$D$1:Z$1),0) -> 92791 | AB68: =ROUND(_xlfn.FORECAST.LINEAR(AB$1,$D68:AA68,$D$1:AA$1),0) -> 92798 | AC68: =ROUND(_xlfn.FORECAST.LINEAR(AC$1,$D68:AB68,$D$1:AB$1),0) -> 92805 | ... AF68: =ROUND(_xlfn.FORECAST.LINEAR(AF$1,$D68:AE68,$D$1:AE$1),0) -> 92827
C69: Latvia | D69: =D19+D25 -> 140927 | E69: =E19+E25 -> 140288 | F69: =F19+F25 -> 141591 | G69: =G19+G25 -> 143898 | H69: =H19+H25 -> 145675 | I69: =I19+I25 -> 146962 | J69: =J19+J25 -> 147824 | K69: =K19+K25 -> 147833 | ... U69: =U19+U25 -> 140655 | V69: =ROUND(_xlfn.FORECAST.LINEAR(V$1,$D69:U69,$D$1:U$1),0) -> 147674 | W69: =ROUND(_xlfn.FORECAST.LINEAR(W$1,$D69:V69,$D$1:V$1),0) -> 147855 | X69: =ROUND(_xlfn.FORECAST.LINEAR(X$1,$D69:W69,$D$1:W$1),0) -> 148036 | Y69: =ROUND(_xlfn.FORECAST.LINEAR(Y$1,$D69:X69,$D$1:X$1),0) -> 148217 | Z69: =ROUND(_xlfn.FORECAST.LINEAR(Z$1,$D69:Y69,$D$1:Y$1),0) -> 148398 | AA69: =ROUND(_xlfn.FORECAST.LINEAR(AA$1,$D69:Z69,$D$1:Z$1),0) -> 148579 | AB69: =ROUND(_xlfn.FORECAST.LINEAR(AB$1,$D69:AA69,$D$1:AA$1),0) -> 148760 | AC69: =ROUND(_xlfn.FORECAST.LINEAR(AC$1,$D69:AB69,$D$1:AB$1),0) -> 148941 | ... AF69: =ROUND(_xlfn.FORECAST.LINEAR(AF$1,$D69:AE69,$D$1:AE$1),0) -> 149485
C70: Lithuania | D70: =D20+D26 -> 193282 | E70: =E20+E26 -> 192210 | F70: =F20+F26 -> 195152 | G70: =G20+G26 -> 196256 | H70: =H20+H26 -> 199881 | I70: =I20+I26 -> 204617 | J70: =J20+J26 -> 209611 | K70: =K20+K26 -> 213415 | ... U70: =U20+U26 -> 227691 | V70: =ROUND(_xlfn.FORECAST.LINEAR(V$1,$D70:U70,$D$1:U$1),0) -> 243273 | W70: =ROUND(_xlfn.FORECAST.LINEAR(W$1,$D70:V70,$D$1:V$1),0) -> 246106 | X70: =ROUND(_xlfn.FORECAST.LINEAR(X$1,$D70:W70,$D$1:W$1),0) -> 248939 | Y70: =ROUND(_xlfn.FORECAST.LINEAR(Y$1,$D70:X70,$D$1:X$1),0) -> 251772 | Z70: =ROUND(_xlfn.FORECAST.LINEAR(Z$1,$D70:Y70,$D$1:Y$1),0) -> 254605 | AA70: =ROUND(_xlfn.FORECAST.LINEAR(AA$1,$D70:Z70,$D$1:Z$1),0) -> 257438 | AB70: =ROUND(_xlfn.FORECAST.LINEAR(AB$1,$D70:AA70,$D$1:AA$1),0) -> 260272 | AC70: =ROUND(_xlfn.FORECAST.LINEAR(AC$1,$D70:AB70,$D$1:AB$1),0) -> 263105 | ... AF70: =ROUND(_xlfn.FORECAST.LINEAR(AF$1,$D70:AE70,$D$1:AE$1),0) -> 271604
A71: 65-74 | B71: males | C71: Estonia | D71: =D27+D33 -> 50330 | E71: =E27+E33 -> 49320 | F71: =F27+F33 -> 48670 | G71: =G27+G33 -> 47730 | H71: =H27+H33 -> 47699 | I71: =I27+I33 -> 47850 | J71: =J27+J33 -> 48327 | K71: =K27+K33 -> 49175 | ... U71: =U27+U33 -> 62601 | V71: =ROUND(_xlfn.FORECAST.LINEAR(V$1,$D71:U71,$D$1:U$1),0) -> 61375 | W71: =ROUND(_xlfn.FORECAST.LINEAR(W$1,$D71:V71,$D$1:V$1),0) -> 62260 | X71: =ROUND(_xlfn.FORECAST.LINEAR(X$1,$D71:W71,$D$1:W$1),0) -> 63145 | Y71: =ROUND(_xlfn.FORECAST.LINEAR(Y$1,$D71:X71,$D$1:X$1),0) -> 64030 | Z71: =ROUND(_xlfn.FORECAST.LINEAR(Z$1,$D71:Y71,$D$1:Y$1),0) -> 64915 | AA71: =ROUND(_xlfn.FORECAST.LINEAR(AA$1,$D71:Z71,$D$1:Z$1),0) -> 65800 | AB71: =ROUND(_xlfn.FORECAST.LINEAR(AB$1,$D71:AA71,$D$1:AA$1),0) -> 66685 | AC71: =ROUND(_xlfn.FORECAST.LINEAR(AC$1,$D71:AB71,$D$1:AB$1),0) -> 67570 | ... AF71: =ROUND(_xlfn.FORECAST.LINEAR(AF$1,$D71:AE71,$D$1:AE$1),0) -> 70225
C72: Latvia | D72: =D28+D34 -> 83250 | E72: =E28+E34 -> 82433 | F72: =F28+F34 -> 81290 | G72: =G28+G34 -> 79104 | H72: =H28+H34 -> 77073 | I72: =I28+I34 -> 75802 | J72: =J28+J34 -> 75145 | K72: =K28+K34 -> 74767 | ... U72: =U28+U34 -> 86916 | V72: =ROUND(_xlfn.FORECAST.LINEAR(V$1,$D72:U72,$D$1:U$1),0) -> 80359 | W72: =ROUND(_xlfn.FORECAST.LINEAR(W$1,$D72:V72,$D$1:V$1),0) -> 80528 | X72: =ROUND(_xlfn.FORECAST.LINEAR(X$1,$D72:W72,$D$1:W$1),0) -> 80697 | Y72: =ROUND(_xlfn.FORECAST.LINEAR(Y$1,$D72:X72,$D$1:X$1),0) -> 80866 | Z72: =ROUND(_xlfn.FORECAST.LINEAR(Z$1,$D72:Y72,$D$1:Y$1),0) -> 81035 | AA72: =ROUND(_xlfn.FORECAST.LINEAR(AA$1,$D72:Z72,$D$1:Z$1),0) -> 81204 | AB72: =ROUND(_xlfn.FORECAST.LINEAR(AB$1,$D72:AA72,$D$1:AA$1),0) -> 81373 | AC72: =ROUND(_xlfn.FORECAST.LINEAR(AC$1,$D72:AB72,$D$1:AB$1),0) -> 81541 | ... AF72: =ROUND(_xlfn.FORECAST.LINEAR(AF$1,$D72:AE72,$D$1:AE$1),0) -> 82048
C73: Lithuania | D73: =D29+D35 -> 118019 | E73: =E29+E35 -> 116169 | F73: =F29+F35 -> 113208 | G73: =G29+G35 -> 111293 | H73: =H29+H35 -> 107919 | I73: =I29+I35 -> 105793 | J73: =J29+J35 -> 104417 | K73: =K29+K35 -> 104970 | ... U73: =U29+U35 -> 133993 | V73: =ROUND(_xlfn.FORECAST.LINEAR(V$1,$D73:U73,$D$1:U$1),0) -> 120663 | W73: =ROUND(_xlfn.FORECAST.LINEAR(W$1,$D73:V73,$D$1:V$1),0) -> 121464 | X73: =ROUND(_xlfn.FORECAST.LINEAR(X$1,$D73:W73,$D$1:W$1),0) -> 122265 | Y73: =ROUND(_xlfn.FORECAST.LINEAR(Y$1,$D73:X73,$D$1:X$1),0) -> 123066 | Z73: =ROUND(_xlfn.FORECAST.LINEAR(Z$1,$D73:Y73,$D$1:Y$1),0) -> 123867 | AA73: =ROUND(_xlfn.FORECAST.LINEAR(AA$1,$D73:Z73,$D$1:Z$1),0) -> 124668 | AB73: =ROUND(_xlfn.FORECAST.LINEAR(AB$1,$D73:AA73,$D$1:AA$1),0) -> 125469 | AC73: =ROUND(_xlfn.FORECAST.LINEAR(AC$1,$D73:AB73,$D$1:AB$1),0) -> 126270 | ... AF73: =ROUND(_xlfn.FORECAST.LINEAR(AF$1,$D73:AE73,$D$1:AE$1),0) -> 128673
A74: 65-74 | B74: females | C74: Estonia | D74: =D30+D36 -> 83370 | E74: =E30+E36 -> 81800 | F74: =F30+F36 -> 80570 | G74: =G30+G36 -> 78660 | H74: =H30+H36 -> 78103 | I74: =I30+I36 -> 77217 | J74: =J30+J36 -> 77014 | K74: =K30+K36 -> 77328 | ... U74: =U30+U36 -> 90874 | V74: =ROUND(_xlfn.FORECAST.LINEAR(V$1,$D74:U74,$D$1:U$1),0) -> 88545 | W74: =ROUND(_xlfn.FORECAST.LINEAR(W$1,$D74:V74,$D$1:V$1),0) -> 89203 | X74: =ROUND(_xlfn.FORECAST.LINEAR(X$1,$D74:W74,$D$1:W$1),0) -> 89861 | Y74: =ROUND(_xlfn.FORECAST.LINEAR(Y$1,$D74:X74,$D$1:X$1),0) -> 90519 | Z74: =ROUND(_xlfn.FORECAST.LINEAR(Z$1,$D74:Y74,$D$1:Y$1),0) -> 91177 | AA74: =ROUND(_xlfn.FORECAST.LINEAR(AA$1,$D74:Z74,$D$1:Z$1),0) -> 91836 | AB74: =ROUND(_xlfn.FORECAST.LINEAR(AB$1,$D74:AA74,$D$1:AA$1),0) -> 92494 | AC74: =ROUND(_xlfn.FORECAST.LINEAR(AC$1,$D74:AB74,$D$1:AB$1),0) -> 93152 | ... AF74: =ROUND(_xlfn.FORECAST.LINEAR(AF$1,$D74:AE74,$D$1:AE$1),0) -> 95126
C75: Latvia | D75: =D31+D37 -> 143098 | E75: =E31+E37 -> 141631 | F75: =F31+F37 -> 140116 | G75: =G31+G37 -> 136738 | H75: =H31+H37 -> 133238 | I75: =I31+I37 -> 130179 | J75: =J31+J37 -> 127795 | K75: =K31+K37 -> 126755 | ... U75: =U31+U37 -> 133053 | V75: =ROUND(_xlfn.FORECAST.LINEAR(V$1,$D75:U75,$D$1:U$1),0) -> 123781 | W75: =ROUND(_xlfn.FORECAST.LINEAR(W$1,$D75:V75,$D$1:V$1),0) -> 123090 | X75: =ROUND(_xlfn.FORECAST.LINEAR(X$1,$D75:W75,$D$1:W$1),0) -> 122399 | Y75: =ROUND(_xlfn.FORECAST.LINEAR(Y$1,$D75:X75,$D$1:X$1),0) -> 121707 | Z75: =ROUND(_xlfn.FORECAST.LINEAR(Z$1,$D75:Y75,$D$1:Y$1),0) -> 121016 | AA75: =ROUND(_xlfn.FORECAST.LINEAR(AA$1,$D75:Z75,$D$1:Z$1),0) -> 120325 | AB75: =ROUND(_xlfn.FORECAST.LINEAR(AB$1,$D75:AA75,$D$1:AA$1),0) -> 119634 | AC75: =ROUND(_xlfn.FORECAST.LINEAR(AC$1,$D75:AB75,$D$1:AB$1),0) -> 118942 | ... AF75: =ROUND(_xlfn.FORECAST.LINEAR(AF$1,$D75:AE75,$D$1:AE$1),0) -> 116868
C76: Lithuania | D76: =D32+D38 -> 192673 | E76: =E32+E38 -> 190434 | F76: =F32+F38 -> 186100 | G76: =G32+G38 -> 183421 | H76: =H32+H38 -> 178299 | I76: =I32+I38 -> 174362 | J76: =J32+J38 -> 172026 | K76: =K32+K38 -> 172313 | ... U76: =U32+U38 -> 197155 | V76: =ROUND(_xlfn.FORECAST.LINEAR(V$1,$D76:U76,$D$1:U$1),0) -> 180095 | W76: =ROUND(_xlfn.FORECAST.LINEAR(W$1,$D76:V76,$D$1:V$1),0) -> 180117 | X76: =ROUND(_xlfn.FORECAST.LINEAR(X$1,$D76:W76,$D$1:W$1),0) -> 180138 | Y76: =ROUND(_xlfn.FORECAST.LINEAR(Y$1,$D76:X76,$D$1:X$1),0) -> 180160 | Z76: =ROUND(_xlfn.FORECAST.LINEAR(Z$1,$D76:Y76,$D$1:Y$1),0) -> 180182 | AA76: =ROUND(_xlfn.FORECAST.LINEAR(AA$1,$D76:Z76,$D$1:Z$1),0) -> 180204 | AB76: =ROUND(_xlfn.FORECAST.LINEAR(AB$1,$D76:AA76,$D$1:AA$1),0) -> 180225 | AC76: =ROUND(_xlfn.FORECAST.LINEAR(AC$1,$D76:AB76,$D$1:AB$1),0) -> 180247 | ... AF76: =ROUND(_xlfn.FORECAST.LINEAR(AF$1,$D76:AE76,$D$1:AE$1),0) -> 180312
A77: 75-84 | B77: males | C77: Estonia | D77: =D39+D45 -> 23860 | E77: =E39+E45 -> 24210 | F77: =F39+F45 -> 24410 | G77: =G39+G45 -> 24880 | H77: =H39+H45 -> 25573 | I77: =I39+I45 -> 26322 | J77: =J39+J45 -> 27026 | K77: =K39+K45 -> 27753 | ... U77: =U39+U45 -> 30053 | V77: =ROUND(_xlfn.FORECAST.LINEAR(V$1,$D77:U77,$D$1:U$1),0) -> 30380 | W77: =ROUND(_xlfn.FORECAST.LINEAR(W$1,$D77:V77,$D$1:V$1),0) -> 30707 | X77: =ROUND(_xlfn.FORECAST.LINEAR(X$1,$D77:W77,$D$1:W$1),0) -> 31033 | Y77: =ROUND(_xlfn.FORECAST.LINEAR(Y$1,$D77:X77,$D$1:X$1),0) -> 31360 | Z77: =ROUND(_xlfn.FORECAST.LINEAR(Z$1,$D77:Y77,$D$1:Y$1),0) -> 31686 | AA77: =ROUND(_xlfn.FORECAST.LINEAR(AA$1,$D77:Z77,$D$1:Z$1),0) -> 32013 | AB77: =ROUND(_xlfn.FORECAST.LINEAR(AB$1,$D77:AA77,$D$1:AA$1),0) -> 32339 | AC77: =ROUND(_xlfn.FORECAST.LINEAR(AC$1,$D77:AB77,$D$1:AB$1),0) -> 32666 | ... AF77: =ROUND(_xlfn.FORECAST.LINEAR(AF$1,$D77:AE77,$D$1:AE$1),0) -> 33645
C78: Latvia | D78: =D40+D46 -> 36900 | E78: =E40+E46 -> 37326 | F78: =F40+F46 -> 37565 | G78: =G40+G46 -> 38091 | H78: =H40+H46 -> 38981 | I78: =I40+I46 -> 39930 | J78: =J40+J46 -> 41026 | K78: =K40+K46 -> 42050 | ... U78: =U40+U46 -> 40273 | V78: =ROUND(_xlfn.FORECAST.LINEAR(V$1,$D78:U78,$D$1:U$1),0) -> 42597 | W78: =ROUND(_xlfn.FORECAST.LINEAR(W$1,$D78:V78,$D$1:V$1),0) -> 42812 | X78: =ROUND(_xlfn.FORECAST.LINEAR(X$1,$D78:W78,$D$1:W$1),0) -> 43027 | Y78: =ROUND(_xlfn.FORECAST.LINEAR(Y$1,$D78:X78,$D$1:X$1),0) -> 43242 | Z78: =ROUND(_xlfn.FORECAST.LINEAR(Z$1,$D78:Y78,$D$1:Y$1),0) -> 43457 | AA78: =ROUND(_xlfn.FORECAST.LINEAR(AA$1,$D78:Z78,$D$1:Z$1),0) -> 43672 | AB78: =ROUND(_xlfn.FORECAST.LINEAR(AB$1,$D78:AA78,$D$1:AA$1),0) -> 43887 | AC78: =ROUND(_xlfn.FORECAST.LINEAR(AC$1,$D78:AB78,$D$1:AB$1),0) -> 44102 | ... AF78: =ROUND(_xlfn.FORECAST.LINEAR(AF$1,$D78:AE78,$D$1:AE$1),0) -> 44747
C79: Lithuania | D79: =D41+D47 -> 58837 | E79: =E41+E47 -> 60249 | F79: =F41+F47 -> 61001 | G79: =G41+G47 -> 62146 | H79: =H41+H47 -> 63579 | I79: =I41+I47 -> 63834 | J79: =J41+J47 -> 64119 | K79: =K41+K47 -> 64307 | ... U79: =U41+U47 -> 61935 | V79: =ROUND(_xlfn.FORECAST.LINEAR(V$1,$D79:U79,$D$1:U$1),0) -> 62095 | W79: =ROUND(_xlfn.FORECAST.LINEAR(W$1,$D79:V79,$D$1:V$1),0) -> 62081 | X79: =ROUND(_xlfn.FORECAST.LINEAR(X$1,$D79:W79,$D$1:W$1),0) -> 62067 | Y79: =ROUND(_xlfn.FORECAST.LINEAR(Y$1,$D79:X79,$D$1:X$1),0) -> 62053 | Z79: =ROUND(_xlfn.FORECAST.LINEAR(Z$1,$D79:Y79,$D$1:Y$1),0) -> 62039 | AA79: =ROUND(_xlfn.FORECAST.LINEAR(AA$1,$D79:Z79,$D$1:Z$1),0) -> 62025 | AB79: =ROUND(_xlfn.FORECAST.LINEAR(AB$1,$D79:AA79,$D$1:AA$1),0) -> 62011 | AC79: =ROUND(_xlfn.FORECAST.LINEAR(AC$1,$D79:AB79,$D$1:AB$1),0) -> 61997 | ... AF79: =ROUND(_xlfn.FORECAST.LINEAR(AF$1,$D79:AE79,$D$1:AE$1),0) -> 61955
A80: 75-84 | B80: females | C80: Estonia | D80: =D42+D48 -> 58380 | E80: =E42+E48 -> 58330 | F80: =F42+F48 -> 58380 | G80: =G42+G48 -> 58840 | H80: =H42+H48 -> 59616 | I80: =I42+I48 -> 61135 | J80: =J42+J48 -> 61993 | K80: =K42+K48 -> 62995 | ... U80: =U42+U48 -> 61794 | V80: =ROUND(_xlfn.FORECAST.LINEAR(V$1,$D80:U80,$D$1:U$1),0) -> 63070 | W80: =ROUND(_xlfn.FORECAST.LINEAR(W$1,$D80:V80,$D$1:V$1),0) -> 63255 | X80: =ROUND(_xlfn.FORECAST.LINEAR(X$1,$D80:W80,$D$1:W$1),0) -> 63441 | Y80: =ROUND(_xlfn.FORECAST.LINEAR(Y$1,$D80:X80,$D$1:X$1),0) -> 63626 | Z80: =ROUND(_xlfn.FORECAST.LINEAR(Z$1,$D80:Y80,$D$1:Y$1),0) -> 63812 | AA80: =ROUND(_xlfn.FORECAST.LINEAR(AA$1,$D80:Z80,$D$1:Z$1),0) -> 63997 | AB80: =ROUND(_xlfn.FORECAST.LINEAR(AB$1,$D80:AA80,$D$1:AA$1),0) -> 64183 | AC80: =ROUND(_xlfn.FORECAST.LINEAR(AC$1,$D80:AB80,$D$1:AB$1),0) -> 64368 | ... AF80: =ROUND(_xlfn.FORECAST.LINEAR(AF$1,$D80:AE80,$D$1:AE$1),0) -> 64925
C81: Latvia | D81: =D43+D49 -> 95851 | E81: =E43+E49 -> 95429 | F81: =F43+F49 -> 94545 | G81: =G43+G49 -> 94319 | H81: =H43+H49 -> 94961 | I81: =I43+I49 -> 96297 | J81: =J43+J49 -> 97597 | K81: =K43+K49 -> 99641 | ... U81: =U43+U49 -> 92521 | V81: =ROUND(_xlfn.FORECAST.LINEAR(V$1,$D81:U81,$D$1:U$1),0) -> 97335 | W81: =ROUND(_xlfn.FORECAST.LINEAR(W$1,$D81:V81,$D$1:V$1),0) -> 97341 | X81: =ROUND(_xlfn.FORECAST.LINEAR(X$1,$D81:W81,$D$1:W$1),0) -> 97347 | Y81: =ROUND(_xlfn.FORECAST.LINEAR(Y$1,$D81:X81,$D$1:X$1),0) -> 97354 | Z81: =ROUND(_xlfn.FORECAST.LINEAR(Z$1,$D81:Y81,$D$1:Y$1),0) -> 97360 | AA81: =ROUND(_xlfn.FORECAST.LINEAR(AA$1,$D81:Z81,$D$1:Z$1),0) -> 97367 | AB81: =ROUND(_xlfn.FORECAST.LINEAR(AB$1,$D81:AA81,$D$1:AA$1),0) -> 97373 | AC81: =ROUND(_xlfn.FORECAST.LINEAR(AC$1,$D81:AB81,$D$1:AB$1),0) -> 97380 | ... AF81: =ROUND(_xlfn.FORECAST.LINEAR(AF$1,$D81:AE81,$D$1:AE$1),0) -> 97399
C82: Lithuania | D82: =D44+D50 -> 135144 | E82: =E44+E50 -> 136611 | F82: =F44+F50 -> 137298 | G82: =G44+G50 -> 138119 | H82: =H44+H50 -> 139881 | I82: =I44+I50 -> 141055 | J82: =J44+J50 -> 141135 | K82: =K44+K50 -> 141588 | ... U82: =U44+U50 -> 131818 | V82: =ROUND(_xlfn.FORECAST.LINEAR(V$1,$D82:U82,$D$1:U$1),0) -> 132649 | W82: =ROUND(_xlfn.FORECAST.LINEAR(W$1,$D82:V82,$D$1:V$1),0) -> 132190 | X82: =ROUND(_xlfn.FORECAST.LINEAR(X$1,$D82:W82,$D$1:W$1),0) -> 131730 | Y82: =ROUND(_xlfn.FORECAST.LINEAR(Y$1,$D82:X82,$D$1:X$1),0) -> 131271 | Z82: =ROUND(_xlfn.FORECAST.LINEAR(Z$1,$D82:Y82,$D$1:Y$1),0) -> 130811 | AA82: =ROUND(_xlfn.FORECAST.LINEAR(AA$1,$D82:Z82,$D$1:Z$1),0) -> 130351 | AB82: =ROUND(_xlfn.FORECAST.LINEAR(AB$1,$D82:AA82,$D$1:AA$1),0) -> 129892 | AC82: =ROUND(_xlfn.FORECAST.LINEAR(AC$1,$D82:AB82,$D$1:AB$1),0) -> 129432 | ... AF82: =ROUND(_xlfn.FORECAST.LINEAR(AF$1,$D82:AE82,$D$1:AE$1),0) -> 128054
A83: 85+ | B83: males | C83: Estonia | D83: =D51 -> 3480 | E83: =E51 -> 3730 | F83: =F51 -> 3950 | G83: =G51 -> 4270 | H83: =H51 -> 4640 | I83: =I51 -> 5182 | J83: =J51 -> 5672 | K83: =K51 -> 6068 | ... U83: =U51 -> 9320 | V83: =ROUND(_xlfn.FORECAST.LINEAR(V$1,$D83:U83,$D$1:U$1),0) -> 9841 | W83: =ROUND(_xlfn.FORECAST.LINEAR(W$1,$D83:V83,$D$1:V$1),0) -> 10195 | X83: =ROUND(_xlfn.FORECAST.LINEAR(X$1,$D83:W83,$D$1:W$1),0) -> 10550 | Y83: =ROUND(_xlfn.FORECAST.LINEAR(Y$1,$D83:X83,$D$1:X$1),0) -> 10904 | Z83: =ROUND(_xlfn.FORECAST.LINEAR(Z$1,$D83:Y83,$D$1:Y$1),0) -> 11259 | AA83: =ROUND(_xlfn.FORECAST.LINEAR(AA$1,$D83:Z83,$D$1:Z$1),0) -> 11613 | AB83: =ROUND(_xlfn.FORECAST.LINEAR(AB$1,$D83:AA83,$D$1:AA$1),0) -> 11967 | AC83: =ROUND(_xlfn.FORECAST.LINEAR(AC$1,$D83:AB83,$D$1:AB$1),0) -> 12322 | ... AF83: =ROUND(_xlfn.FORECAST.LINEAR(AF$1,$D83:AE83,$D$1:AE$1),0) -> 13385
C84: Latvia | D84: =D52 -> 5255 | E84: =E52 -> 5444 | F84: =F52 -> 5659 | G84: =G52 -> 6019 | H84: =H52 -> 6442 | I84: =I52 -> 7193 | J84: =J52 -> 7910 | K84: =K52 -> 8573 | ... U84: =U52 -> 12171 | V84: =ROUND(_xlfn.FORECAST.LINEAR(V$1,$D84:U84,$D$1:U$1),0) -> 12664 | W84: =ROUND(_xlfn.FORECAST.LINEAR(W$1,$D84:V84,$D$1:V$1),0) -> 13077 | X84: =ROUND(_xlfn.FORECAST.LINEAR(X$1,$D84:W84,$D$1:W$1),0) -> 13490 | Y84: =ROUND(_xlfn.FORECAST.LINEAR(Y$1,$D84:X84,$D$1:X$1),0) -> 13903 | Z84: =ROUND(_xlfn.FORECAST.LINEAR(Z$1,$D84:Y84,$D$1:Y$1),0) -> 14316 | AA84: =ROUND(_xlfn.FORECAST.LINEAR(AA$1,$D84:Z84,$D$1:Z$1),0) -> 14729 | AB84: =ROUND(_xlfn.FORECAST.LINEAR(AB$1,$D84:AA84,$D$1:AA$1),0) -> 15142 | AC84: =ROUND(_xlfn.FORECAST.LINEAR(AC$1,$D84:AB84,$D$1:AB$1),0) -> 15555 | ... AF84: =ROUND(_xlfn.FORECAST.LINEAR(AF$1,$D84:AE84,$D$1:AE$1),0) -> 16794
C85: Lithuania | D85: =D53 -> 9723 | E85: =E53 -> 10258 | F85: =F53 -> 10673 | G85: =G53 -> 11139 | H85: =H53 -> 11791 | I85: =I53 -> 12767 | J85: =J53 -> 13647 | K85: =K53 -> 14492 | ... U85: =U53 -> 19261 | V85: =ROUND(_xlfn.FORECAST.LINEAR(V$1,$D85:U85,$D$1:U$1),0) -> 20447 | W85: =ROUND(_xlfn.FORECAST.LINEAR(W$1,$D85:V85,$D$1:V$1),0) -> 21030 | X85: =ROUND(_xlfn.FORECAST.LINEAR(X$1,$D85:W85,$D$1:W$1),0) -> 21613 | Y85: =ROUND(_xlfn.FORECAST.LINEAR(Y$1,$D85:X85,$D$1:X$1),0) -> 22196 | Z85: =ROUND(_xlfn.FORECAST.LINEAR(Z$1,$D85:Y85,$D$1:Y$1),0) -> 22780 | AA85: =ROUND(_xlfn.FORECAST.LINEAR(AA$1,$D85:Z85,$D$1:Z$1),0) -> 23363 | AB85: =ROUND(_xlfn.FORECAST.LINEAR(AB$1,$D85:AA85,$D$1:AA$1),0) -> 23946 | AC85: =ROUND(_xlfn.FORECAST.LINEAR(AC$1,$D85:AB85,$D$1:AB$1),0) -> 24529 | ... AF85: =ROUND(_xlfn.FORECAST.LINEAR(AF$1,$D85:AE85,$D$1:AE$1),0) -> 26279
A86: 85+ | B86: females | C86: Estonia | D86: =D54 -> 14240 | E86: =E54 -> 15420 | F86: =F54 -> 16470 | G86: =G54 -> 17640 | H86: =H54 -> 18988 | I86: =I54 -> 20347 | J86: =J54 -> 21751 | K86: =K54 -> 23033 | ... U86: =U54 -> 31801 | V86: =ROUND(_xlfn.FORECAST.LINEAR(V$1,$D86:U86,$D$1:U$1),0) -> 33060 | W86: =ROUND(_xlfn.FORECAST.LINEAR(W$1,$D86:V86,$D$1:V$1),0) -> 34058 | X86: =ROUND(_xlfn.FORECAST.LINEAR(X$1,$D86:W86,$D$1:W$1),0) -> 35057 | Y86: =ROUND(_xlfn.FORECAST.LINEAR(Y$1,$D86:X86,$D$1:X$1),0) -> 36055 | Z86: =ROUND(_xlfn.FORECAST.LINEAR(Z$1,$D86:Y86,$D$1:Y$1),0) -> 37054 | AA86: =ROUND(_xlfn.FORECAST.LINEAR(AA$1,$D86:Z86,$D$1:Z$1),0) -> 38052 | AB86: =ROUND(_xlfn.FORECAST.LINEAR(AB$1,$D86:AA86,$D$1:AA$1),0) -> 39051 | AC86: =ROUND(_xlfn.FORECAST.LINEAR(AC$1,$D86:AB86,$D$1:AB$1),0) -> 40049 | ... AF86: =ROUND(_xlfn.FORECAST.LINEAR(AF$1,$D86:AE86,$D$1:AE$1),0) -> 43045
C87: Latvia | D87: =D55 -> 21321 | E87: =E55 -> 23208 | F87: =F55 -> 25002 | G87: =G55 -> 26869 | H87: =H55 -> 28851 | I87: =I55 -> 30383 | J87: =J55 -> 32142 | K87: =K55 -> 33290 | ... U87: =U55 -> 41893 | V87: =ROUND(_xlfn.FORECAST.LINEAR(V$1,$D87:U87,$D$1:U$1),0) -> 43321 | W87: =ROUND(_xlfn.FORECAST.LINEAR(W$1,$D87:V87,$D$1:V$1),0) -> 44398 | X87: =ROUND(_xlfn.FORECAST.LINEAR(X$1,$D87:W87,$D$1:W$1),0) -> 45475 | Y87: =ROUND(_xlfn.FORECAST.LINEAR(Y$1,$D87:X87,$D$1:X$1),0) -> 46552 | Z87: =ROUND(_xlfn.FORECAST.LINEAR(Z$1,$D87:Y87,$D$1:Y$1),0) -> 47629 | AA87: =ROUND(_xlfn.FORECAST.LINEAR(AA$1,$D87:Z87,$D$1:Z$1),0) -> 48706 | AB87: =ROUND(_xlfn.FORECAST.LINEAR(AB$1,$D87:AA87,$D$1:AA$1),0) -> 49783 | AC87: =ROUND(_xlfn.FORECAST.LINEAR(AC$1,$D87:AB87,$D$1:AB$1),0) -> 50860 | ... AF87: =ROUND(_xlfn.FORECAST.LINEAR(AF$1,$D87:AE87,$D$1:AE$1),0) -> 54091
C88: Lithuania | D88: =D56 -> 31541 | E88: =E56 -> 34028 | F88: =F56 -> 36616 | G88: =G56 -> 39189 | H88: =H56 -> 41864 | I88: =I56 -> 44149 | J88: =J56 -> 46740 | K88: =K56 -> 48577 | ... U88: =U56 -> 59348 | V88: =ROUND(_xlfn.FORECAST.LINEAR(V$1,$D88:U88,$D$1:U$1),0) -> 63024 | W88: =ROUND(_xlfn.FORECAST.LINEAR(W$1,$D88:V88,$D$1:V$1),0) -> 64571 | X88: =ROUND(_xlfn.FORECAST.LINEAR(X$1,$D88:W88,$D$1:W$1),0) -> 66118 | Y88: =ROUND(_xlfn.FORECAST.LINEAR(Y$1,$D88:X88,$D$1:X$1),0) -> 67666 | Z88: =ROUND(_xlfn.FORECAST.LINEAR(Z$1,$D88:Y88,$D$1:Y$1),0) -> 69213 | AA88: =ROUND(_xlfn.FORECAST.LINEAR(AA$1,$D88:Z88,$D$1:Z$1),0) -> 70760 | AB88: =ROUND(_xlfn.FORECAST.LINEAR(AB$1,$D88:AA88,$D$1:AA$1),0) -> 72308 | AC88: =ROUND(_xlfn.FORECAST.LINEAR(AC$1,$D88:AB88,$D$1:AB$1),0) -> 73855 | ... AF88: =ROUND(_xlfn.FORECAST.LINEAR(AF$1,$D88:AE88,$D$1:AE$1),0) -> 78497

Sheet Disability
A1: Percentage of Disabled per Age and Gender group 2008-2025 (annual) | E1: 2008 | F1: 2009 | G1: 2010 | H1: 2011 | I1: 2012 | J1: 2013 | K1: 2014 | L1: 2015 | M1: 2016 | N1: 2017 | O1: 2018 | P1: 2019 | Q1: 2020 | R1: 2021 | S1: 2022 | T1: 2023 | U1: 2024 | V1: 2025 | W1: 2026 | X1: 2027 | Y1: 2028 | Z1: 2029 | AA1: 2030 | AB1: 2031 | AC1: 2032 | AD1: 2033 | AE1: 2034 | AF1: 2035 | AG1: 2036
A2: Age group | B2: Gender | C2: Disability | D2: Country
A3: 45-54 | B3: males | C3: some or severe | D3: Estonia | E3: 29 | F3: 28.4 | G3: 31.2 | H3: 32.2 | I3: 30.1 | J3: 32 | K3: 32.6 | L3: 31.8 | M3: 26.6 | N3: 30 | O3: 33.8 | P3: 29.9 | Q3: 28.3 | R3: 26 | S3: 24.7 | T3: 28.1 | U3: 28.1 | V3: 29.6
D4: Latvia | E4: 31.5 | F4: 29.3 | G4: 27.9 | H4: 27.4 | I4: 25.4 | J4: 33.7 | K4: 37.1 | L4: 35.2 | M4: 35.2 | N4: 39.3 | O4: 36.7 | P4: 35.6 | Q4: 34 | R4: 29.2 | S4: 31.6 | T4: 32.1 | U4: 36.4 | V4: 26.5
D5: Lithuania | E5: 18.6 | F5: 14.4 | G5: 14.2 | H5: 16.5 | I5: 19 | J5: 18.4 | K5: 17.1 | L5: 21.2 | M5: 21.7 | N5: 21.5 | O5: 22.9 | P5: 21.5 | Q5: 26.4 | R5: 22.7 | S5: 20.9 | T5: 23 | U5: 16.8 | V5: 16.6
A6: 45-54 | B6: males | C6: none | D6: Estonia | E6: 71 | F6: 71.6 | G6: 68.8 | H6: 67.8 | I6: 69.9 | J6: 68 | K6: 67.4 | L6: 68.2 | M6: 73.4 | N6: 70 | O6: 66.2 | P6: 70.1 | Q6: 71.7 | R6: 74 | S6: 75.3 | T6: 71.9 | U6: 71.9 | V6: 70.4
D7: Latvia | E7: 68.5 | F7: 70.7 | G7: 72.1 | H7: 72.6 | I7: 74.6 | J7: 66.3 | K7: 62.9 | L7: 64.8 | M7: 64.8 | N7: 60.7 | O7: 63.3 | P7: 64.4 | Q7: 66 | R7: 70.8 | S7: 68.4 | T7: 67.9 | U7: 63.6 | V7: 73.5
D8: Lithuania | E8: 81.4 | F8: 85.6 | G8: 85.8 | H8: 83.5 | I8: 81 | J8: 81.6 | K8: 82.9 | L8: 78.8 | M8: 78.3 | N8: 78.5 | O8: 77.1 | P8: 78.5 | Q8: 73.6 | R8: 77.3 | S8: 79.1 | T8: 77 | U8: 83.2 | V8: 83.4
A9: 45-54 | B9: females | C9: some or severe | D9: Estonia | E9: 23 | F9: 24.8 | G9: 28.2 | H9: 30.3 | I9: 29 | J9: 28.6 | K9: 28.4 | L9: 28.4 | M9: 26 | N9: 26 | O9: 32.9 | P9: 27 | Q9: 25.1 | R9: 27 | S9: 22.2 | T9: 29.1 | U9: 26.7 | V9: 28.6
D10: Latvia | E10: 32.4 | F10: 28.8 | G10: 26.4 | H10: 28.7 | I10: 27.1 | J10: 35.1 | K10: 35.9 | L10: 34.9 | M10: 34.5 | N10: 39 | O10: 36.9 | P10: 37.8 | Q10: 35.3 | R10: 29.3 | S10: 30.3 | T10: 37.5 | U10: 33.2 | V10: 29.6
D11: Lithuania | E11: 20.7 | F11: 19.4 | G11: 15.8 | H11: 19.2 | I11: 17.5 | J11: 17.4 | K11: 16.5 | L11: 20.9 | M11: 21.5 | N11: 20.7 | O11: 22.6 | P11: 21.5 | Q11: 24.1 | R11: 24.1 | S11: 17.8 | T11: 16.2 | U11: 12.5 | V11: 11.4
A12: 45-54 | B12: females | C12: none | D12: Estonia | E12: 77 | F12: 75.2 | G12: 71.8 | H12: 69.7 | I12: 71 | J12: 71.4 | K12: 71.6 | L12: 71.6 | M12: 74 | N12: 74 | O12: 67.1 | P12: 73 | Q12: 74.9 | R12: 73 | S12: 77.8 | T12: 70.9 | U12: 73.3 | V12: 71.4
D13: Latvia | E13: 67.6 | F13: 71.2 | G13: 73.6 | H13: 71.3 | I13: 72.9 | J13: 64.9 | K13: 64.1 | L13: 65.1 | M13: 65.5 | N13: 61 | O13: 63.1 | P13: 62.2 | Q13: 64.7 | R13: 70.7 | S13: 69.7 | T13: 62.5 | U13: 66.8 | V13: 70.4
D14: Lithuania | E14: 79.3 | F14: 80.6 | G14: 84.2 | H14: 80.8 | I14: 82.5 | J14: 82.6 | K14: 83.5 | L14: 79.1 | M14: 78.5 | N14: 79.3 | O14: 77.4 | P14: 78.5 | Q14: 75.9 | R14: 75.9 | S14: 82.2 | T14: 83.8 | U14: 87.5 | V14: 88.6
A15: 55-64 | B15: males | C15: some or severe | D15: Estonia | E15: 45.9 | F15: 37.6 | G15: 43 | H15: 46.6 | I15: 49.5 | J15: 46.4 | K15: 47.6 | L15: 47.8 | M15: 45.9 | N15: 46.2 | O15: 50.2 | P15: 45.1 | Q15: 40.2 | R15: 41.5 | S15: 41.8 | T15: 43.1 | U15: 42.7 | V15: 43.8
D16: Latvia | E16: 46 | F16: 45.2 | G16: 42.1 | H16: 42.1 | I16: 35.2 | J16: 42.9 | K16: 49.5 | L16: 46.8 | M16: 48 | N16: 53.7 | O16: 49.4 | P16: 50.1 | Q16: 50.8 | R16: 45.2 | S16: 44.8 | T16: 49.1 | U16: 52.2 | V16: 44.2
D17: Lithuania | E17: 40.1 | F17: 32.8 | G17: 32.7 | H17: 33.2 | I17: 35.9 | J17: 35.1 | K17: 32.7 | L17: 40.3 | M17: 38.8 | N17: 38.3 | O17: 35 | P17: 36.8 | Q17: 39.2 | R17: 38 | S17: 32.8 | T17: 33.5 | U17: 29.5 | V17: 28.9
A18: 55-64 | B18: males | C18: none | D18: Estonia | E18: 54.1 | F18: 62.4 | G18: 57 | H18: 53.4 | I18: 50.5 | J18: 53.6 | K18: 52.4 | L18: 52.2 | M18: 54.1 | N18: 53.8 | O18: 49.8 | P18: 54.9 | Q18: 59.8 | R18: 58.5 | S18: 58.2 | T18: 56.9 | U18: 57.3 | V18: 56.2
D19: Latvia | E19: 54 | F19: 54.8 | G19: 57.9 | H19: 57.9 | I19: 64.8 | J19: 57.1 | K19: 50.5 | L19: 53.2 | M19: 52 | N19: 46.3 | O19: 50.6 | P19: 49.9 | Q19: 49.2 | R19: 54.8 | S19: 55.2 | T19: 50.9 | U19: 47.8 | V19: 55.8
D20: Lithuania | E20: 59.9 | F20: 67.2 | G20: 67.3 | H20: 66.8 | I20: 64.1 | J20: 64.9 | K20: 67.3 | L20: 59.7 | M20: 61.2 | N20: 61.7 | O20: 65 | P20: 63.2 | Q20: 60.8 | R20: 62 | S20: 67.2 | T20: 66.5 | U20: 70.5 | V20: 71.1
A21: 55-64 | B21: females | C21: some or severe | D21: Estonia | E21: 44.2 | F21: 38.5 | G21: 38.4 | H21: 41.8 | I21: 48.3 | J21: 46.6 | K21: 47.1 | L21: 47.2 | M21: 39.6 | N21: 44.7 | O21: 47 | P21: 44.1 | Q21: 43.5 | R21: 42.5 | S21: 37.2 | T21: 43 | U21: 34.2 | V21: 38
D22: Latvia | E22: 52.1 | F22: 48.9 | G22: 47.2 | H22: 46.3 | I22: 38.5 | J22: 52.2 | K22: 50.5 | L22: 52.3 | M22: 48.8 | N22: 53.1 | O22: 51.1 | P22: 50.3 | Q22: 52 | R22: 47.2 | S22: 49.6 | T22: 47.9 | U22: 49.8 | V22: 42.7
D23: Lithuania | E23: 41.7 | F23: 37.1 | G23: 32.8 | H23: 32.8 | I23: 34.3 | J23: 34.6 | K23: 33 | L23: 40.2 | M23: 38.3 | N23: 35.7 | O23: 36.2 | P23: 38.9 | Q23: 39.4 | R23: 37.9 | S23: 34.9 | T23: 31.5 | U23: 25.9 | V23: 26.8
A24: 55-64 | B24: females | C24: none | D24: Estonia | E24: 55.8 | F24: 61.5 | G24: 61.6 | H24: 58.2 | I24: 51.7 | J24: 53.4 | K24: 52.9 | L24: 52.8 | M24: 60.4 | N24: 55.3 | O24: 53 | P24: 55.9 | Q24: 56.5 | R24: 57.5 | S24: 62.8 | T24: 57 | U24: 65.8 | V24: 62
D25: Latvia | E25: 47.9 | F25: 51.1 | G25: 52.8 | H25: 53.7 | I25: 61.5 | J25: 47.8 | K25: 49.5 | L25: 47.7 | M25: 51.2 | N25: 46.9 | O25: 48.9 | P25: 49.7 | Q25: 48 | R25: 52.8 | S25: 50.4 | T25: 52.1 | U25: 50.2 | V25: 57.3
D26: Lithuania | E26: 58.3 | F26: 62.9 | G26: 67.2 | H26: 67.2 | I26: 65.7 | J26: 65.4 | K26: 67 | L26: 59.8 | M26: 61.7 | N26: 64.3 | O26: 63.8 | P26: 61.1 | Q26: 60.6 | R26: 62.1 | S26: 65.1 | T26: 68.5 | U26: 74.1 | V26: 73.2
A27: 65-74 | B27: males | C27: some or severe | D27: Estonia | E27: 64.1 | F27: 52.1 | G27: 59.1 | H27: 57 | I27: 59.3 | J27: 62 | K27: 59.3 | L27: 62 | M27: 56.5 | N27: 57.2 | O27: 55.8 | P27: 53.4 | Q27: 56 | R27: 52.4 | S27: 49.3 | T27: 52.7 | U27: 52.1 | V27: 52.3
D28: Latvia | E28: 56.7 | F28: 60 | G28: 57.4 | H28: 58.8 | I28: 56.8 | J28: 66.6 | K28: 64.1 | L28: 63.8 | M28: 60 | N28: 62.4 | O28: 63.7 | P28: 64.7 | Q28: 63.1 | R28: 59.5 | S28: 61.6 | T28: 61.1 | U28: 66.7 | V28: 55.9
D29: Lithuania | E29: 49.4 | F29: 48.8 | G29: 44.8 | H29: 49 | I29: 52.1 | J29: 49.2 | K29: 49 | L29: 56.3 | M29: 50.5 | N29: 53.6 | O29: 54.9 | P29: 49.6 | Q29: 51.2 | R29: 56.1 | S29: 49.3 | T29: 46.1 | U29: 36.1 | V29: 36.3
A30: 65-74 | B30: males | C30: none | D30: Estonia | E30: 35.9 | F30: 47.9 | G30: 40.9 | H30: 43 | I30: 40.7 | J30: 38 | K30: 40.7 | L30: 38 | M30: 43.5 | N30: 42.8 | O30: 44.2 | P30: 46.6 | Q30: 44 | R30: 47.6 | S30: 50.7 | T30: 47.3 | U30: 47.9 | V30: 47.7
D31: Latvia | E31: 43.3 | F31: 40 | G31: 42.6 | H31: 41.2 | I31: 43.2 | J31: 33.4 | K31: 35.9 | L31: 36.2 | M31: 40 | N31: 37.6 | O31: 36.3 | P31: 35.3 | Q31: 36.9 | R31: 40.5 | S31: 38.4 | T31: 38.9 | U31: 33.3 | V31: 44.1
D32: Lithuania | E32: 50.6 | F32: 51.2 | G32: 55.2 | H32: 51 | I32: 47.9 | J32: 50.8 | K32: 51 | L32: 43.7 | M32: 49.5 | N32: 46.4 | O32: 45.1 | P32: 50.4 | Q32: 48.8 | R32: 43.9 | S32: 50.7 | T32: 53.9 | U32: 63.9 | V32: 63.7
A33: 65-74 | B33: females | C33: some or severe | D33: Estonia | E33: 66.7 | F33: 61.3 | G33: 61.7 | H33: 61.8 | I33: 63 | J33: 60.7 | K33: 60.4 | L33: 64.6 | M33: 54.2 | N33: 57.7 | O33: 62.4 | P33: 55.3 | Q33: 51.2 | R33: 51 | S33: 49.2 | T33: 49.7 | U33: 49.9 | V33: 49.7
D34: Latvia | E34: 64.2 | F34: 60.7 | G34: 61.3 | H34: 65.1 | I34: 57 | J34: 71.4 | K34: 67.6 | L34: 70.9 | M34: 68.3 | N34: 69.1 | O34: 65.6 | P34: 65.9 | Q34: 66.3 | R34: 62.1 | S34: 64.2 | T34: 64.1 | U34: 66.3 | V34: 57.8
D35: Lithuania | E35: 59.9 | F35: 54 | G35: 54.3 | H35: 55 | I35: 58.6 | J35: 54.5 | K35: 59 | L35: 60.2 | M35: 58.6 | N35: 61.8 | O35: 58.5 | P35: 56.5 | Q35: 55.2 | R35: 52.1 | S35: 45.6 | T35: 44.8 | U35: 38.3 | V35: 38.6
A36: 65-74 | B36: females | C36: none | D36: Estonia | E36: 33.3 | F36: 38.7 | G36: 38.3 | H36: 38.2 | I36: 37 | J36: 39.3 | K36: 39.6 | L36: 35.4 | M36: 45.8 | N36: 42.3 | O36: 37.6 | P36: 44.7 | Q36: 48.8 | R36: 49 | S36: 50.8 | T36: 50.3 | U36: 50.1 | V36: 50.3
D37: Latvia | E37: 35.8 | F37: 39.3 | G37: 38.7 | H37: 34.9 | I37: 43 | J37: 28.6 | K37: 32.4 | L37: 29.1 | M37: 31.7 | N37: 30.9 | O37: 34.4 | P37: 34.1 | Q37: 33.7 | R37: 37.9 | S37: 35.8 | T37: 35.9 | U37: 33.7 | V37: 42.2
D38: Lithuania | E38: 40.1 | F38: 46 | G38: 45.7 | H38: 45 | I38: 41.4 | J38: 45.5 | K38: 41 | L38: 39.8 | M38: 41.4 | N38: 38.2 | O38: 41.5 | P38: 43.5 | Q38: 44.8 | R38: 47.9 | S38: 54.4 | T38: 55.2 | U38: 61.7 | V38: 61.4
A39: 75-84 | B39: males | C39: some or severe | D39: Estonia | E39: 81.8 | F39: 72.3 | G39: 66.8 | H39: 67.7 | I39: 66.3 | J39: 70.1 | K39: 76.5 | L39: 68.9 | M39: 73.3 | N39: 67.3 | O39: 69.4 | P39: 65.9 | Q39: 65.5 | R39: 63.8 | S39: 57.4 | T39: 61.6 | U39: 53.4 | V39: 66
D40: Latvia | E40: 70.9 | F40: 74.3 | G40: 72.7 | H40: 76.9 | I40: 68.2 | J40: 79.3 | K40: 80.2 | L40: 80.7 | M40: 79.8 | N40: 80.3 | O40: 79.8 | P40: 71.3 | Q40: 80.9 | R40: 76.7 | S40: 81.9 | T40: 76 | U40: 81.5 | V40: 73.2
D41: Lithuania | E41: 70.7 | F41: 65.2 | G41: 62.7 | H41: 64.3 | I41: 70.3 | J41: 68.2 | K41: 65.7 | L41: 77 | M41: 68.7 | N41: 67.9 | O41: 68.7 | P41: 69.8 | Q41: 68.1 | R41: 64.2 | S41: 64 | T41: 62 | U41: 51.5 | V41: 51
A42: 75-84 | B42: males | C42: none | D42: Estonia | E42: 18.2 | F42: 27.7 | G42: 33.2 | H42: 32.3 | I42: 33.7 | J42: 29.9 | K42: 23.5 | L42: 31.1 | M42: 26.7 | N42: 32.7 | O42: 30.6 | P42: 34.1 | Q42: 34.5 | R42: 36.2 | S42: 42.6 | T42: 38.4 | U42: 46.6 | V42: 34
D43: Latvia | E43: 29.1 | F43: 25.7 | G43: 27.3 | H43: 23.1 | I43: 31.8 | J43: 20.7 | K43: 19.8 | L43: 19.3 | M43: 20.2 | N43: 19.7 | O43: 20.2 | P43: 28.7 | Q43: 19.1 | R43: 23.3 | S43: 18.1 | T43: 24 | U43: 18.5 | V43: 26.8
D44: Lithuania | E44: 29.3 | F44: 34.8 | G44: 37.3 | H44: 35.7 | I44: 29.7 | J44: 31.8 | K44: 34.3 | L44: 23 | M44: 31.3 | N44: 32.1 | O44: 31.3 | P44: 30.2 | Q44: 31.9 | R44: 35.8 | S44: 36 | T44: 38 | U44: 48.5 | V44: 49
A45: 75-84 | B45: females | C45: some or severe | D45: Estonia | E45: 86.2 | F45: 80 | G45: 78.2 | H45: 78.9 | I45: 78.9 | J45: 78.7 | K45: 79.2 | L45: 82.6 | M45: 73.7 | N45: 77.8 | O45: 75.9 | P45: 70.6 | Q45: 70 | R45: 68.1 | S45: 66.5 | T45: 66.5 | U45: 67.3 | V45: 64.9
D46: Latvia | E46: 81.6 | F46: 76.1 | G46: 78 | H46: 80.1 | I46: 74.3 | J46: 82.2 | K46: 83.1 | L46: 84.7 | M46: 82.7 | N46: 85.6 | O46: 81.9 | P46: 82.5 | Q46: 85.2 | R46: 80.6 | S46: 86.2 | T46: 81.8 | U46: 85.7 | V46: 75.4
D47: Lithuania | E47: 74 | F47: 70.5 | G47: 70.3 | H47: 71.3 | I47: 73.4 | J47: 77.5 | K47: 77.9 | L47: 80.7 | M47: 79.9 | N47: 77.7 | O47: 72.4 | P47: 74.1 | Q47: 78.1 | R47: 72.2 | S47: 69.5 | T47: 74.8 | U47: 63.3 | V47: 60
A48: 75-84 | B48: females | C48: none | D48: Estonia | E48: 13.8 | F48: 20 | G48: 21.8 | H48: 21.1 | I48: 21.1 | J48: 21.3 | K48: 20.8 | L48: 17.4 | M48: 26.3 | N48: 22.2 | O48: 24.1 | P48: 29.4 | Q48: 30 | R48: 31.9 | S48: 33.5 | T48: 33.5 | U48: 32.7 | V48: 35.1
D49: Latvia | E49: 18.4 | F49: 23.9 | G49: 22 | H49: 19.9 | I49: 25.7 | J49: 17.8 | K49: 16.9 | L49: 15.3 | M49: 17.3 | N49: 14.4 | O49: 18.1 | P49: 17.5 | Q49: 14.8 | R49: 19.4 | S49: 13.8 | T49: 18.2 | U49: 14.3 | V49: 24.6
D50: Lithuania | E50: 26 | F50: 29.5 | G50: 29.7 | H50: 28.7 | I50: 26.6 | J50: 22.5 | K50: 22.1 | L50: 19.3 | M50: 20.1 | N50: 22.3 | O50: 27.6 | P50: 25.9 | Q50: 21.9 | R50: 27.8 | S50: 30.5 | T50: 25.2 | U50: 36.7 | V50: 40
A51: 85+ | B51: males | C51: some or severe | D51: Estonia | E51: 81.9 | F51: 79.6 | G51: 77 | H51: 80.8 | I51: 77.9 | J51: 85.7 | K51: 92.4 | L51: 76 | M51: 82.2 | N51: 79.2 | O51: 86.7 | P51: 68.7 | Q51: 69.7 | R51: 68.3 | S51: 64.1 | T51: 67.9 | U51: 73.3 | V51: 75
D52: Latvia | E52: 86.7 | F52: 72.3 | G52: 83.6 | H52: 71.4 | I52: 72.9 | J52: 86.3 | K52: 90 | L52: 88.1 | M52: 94.5 | N52: 91.4 | O52: 88.7 | P52: 84.3 | Q52: 83.5 | R52: 83.9 | S52: 98 | T52: 90.8 | U52: 93 | V52: 84
D53: Lithuania | E53: 88 | F53: 77.5 | G53: 85.4 | H53: 79.1 | I53: 88.3 | J53: 86.4 | K53: 82.4 | L53: 83.5 | M53: 95.1 | N53: 86.8 | O53: 79 | P53: 84.1 | Q53: 83.4 | R53: 79.3 | S53: 75.8 | T53: 76.6 | U53: 62.4 | V53: 69
A54: 85+ | B54: males | C54: none | D54: Estonia | E54: 18.1 | F54: 20.4 | G54: 23 | H54: 19.2 | I54: 22.1 | J54: 14.3 | K54: 7.6 | L54: 24 | M54: 17.8 | N54: 20.8 | O54: 13.3 | P54: 31.3 | Q54: 30.3 | R54: 31.7 | S54: 35.9 | T54: 32.1 | U54: 26.7 | V54: 25
D55: Latvia | E55: 13.3 | F55: 27.7 | G55: 16.4 | H55: 28.6 | I55: 27.1 | J55: 13.7 | K55: 10 | L55: 11.9 | M55: 5.5 | N55: 8.6 | O55: 11.3 | P55: 15.7 | Q55: 16.5 | R55: 16.1 | S55: 2 | T55: 9.2 | U55: 7 | V55: 16
D56: Lithuania | E56: 12 | F56: 22.5 | G56: 14.6 | H56: 20.9 | I56: 11.7 | J56: 13.6 | K56: 17.6 | L56: 16.5 | M56: 4.9 | N56: 13.2 | O56: 21 | P56: 15.9 | Q56: 16.6 | R56: 20.7 | S56: 24.2 | T56: 23.4 | U56: 37.6 | V56: 31
A57: 85+ | B57: females | C57: some or severe | D57: Estonia | E57: 93.9 | F57: 87.9 | G57: 90.2 | H57: 86 | I57: 90 | J57: 90.6 | K57: 81.7 | L57: 86.4 | M57: 82.7 | N57: 89.6 | O57: 87.4 | P57: 81.6 | Q57: 81.3 | R57: 77.8 | S57: 81.3 | T57: 85 | U57: 84.2 | V57: 80.5
D58: Latvia | E58: 83.1 | F58: 81.8 | G58: 82.8 | H58: 86.3 | I58: 81 | J58: 92.4 | K58: 92 | L58: 94.5 | M58: 89.8 | N58: 89.8 | O58: 89.8 | P58: 92.2 | Q58: 92 | R58: 90.8 | S58: 96.5 | T58: 92.3 | U58: 91.2 | V58: 88.9
D59: Lithuania | E59: 62.8 | F59: 82.3 | G59: 90.2 | H59: 87.4 | I59: 93.3 | J59: 92.4 | K59: 86.8 | L59: 91.2 | M59: 88.3 | N59: 89.1 | O59: 87.1 | P59: 89 | Q59: 92.4 | R59: 87.9 | S59: 84.9 | T59: 87.6 | U59: 80.3 | V59: 79.9
A60: 85+ | B60: females | C60: none | D60: Estonia | E60: 6.1 | F60: 12.1 | G60: 9.8 | H60: 14 | I60: 10 | J60: 9.4 | K60: 18.3 | L60: 13.6 | M60: 17.3 | N60: 10.4 | O60: 12.6 | P60: 18.4 | Q60: 18.7 | R60: 22.2 | S60: 18.7 | T60: 15 | U60: 15.8 | V60: 19.5
D61: Latvia | E61: 16.9 | F61: 18.2 | G61: 17.2 | H61: 13.7 | I61: 19 | J61: 7.6 | K61: 8 | L61: 5.5 | M61: 10.2 | N61: 10.2 | O61: 10.2 | P61: 7.8 | Q61: 8 | R61: 9.2 | S61: 3.5 | T61: 7.7 | U61: 8.8 | V61: 11.1
D62: Country | E62: 37.2 | F62: 17.7 | G62: 9.8 | H62: 12.6 | I62: 6.7 | J62: 7.6 | K62: 13.2 | L62: 8.8 | M62: 11.7 | N62: 10.9 | O62: 12.9 | P62: 11 | Q62: 7.6 | R62: 12.1 | S62: 15.1 | T62: 12.4 | U62: 19.7 | V62: 20.1
A64: Population per Age, Gender, and Disability Group + Forecast 2026 to 2036
A65: 45-54 | B65: males | C65: some or severe | D65: Estonia | E65: =Population!D59*E3/100 -> 25934.7 | F65: =Population!E59*F3/100 -> 25372.56 | G65: =Population!F59*G3/100 -> 27768 | H65: =Population!G59*H3/100 -> 28294.14 | I65: =Population!H59*I3/100 -> 26200.846 | J65: =Population!I59*J3/100 -> 27499.52 | K65: =Population!J59*K3/100 -> 27879.194 | L65: =Population!K59*L3/100 -> 27085.332 | ... V65: =Population!U59*V3/100 -> 27971.408 | W65: =_xlfn.FORECAST.LINEAR(W$1,$E65:V65,$E$1:V$1) -> 25263.867 | X65: =_xlfn.FORECAST.LINEAR(X$1,$E65:W65,$E$1:W$1) -> 25177.694 | Y65: =_xlfn.FORECAST.LINEAR(Y$1,$E65:X65,$E$1:X$1) -> 25091.521 | Z65: =_xlfn.FORECAST.LINEAR(Z$1,$E65:Y65,$E$1:Y$1) -> 25005.348 | AA65: =_xlfn.FORECAST.LINEAR(AA$1,$E65:Z65,$E$1:Z$1) -> 24919.175 | AB65: =_xlfn.FORECAST.LINEAR(AB$1,$E65:AA65,$E$1:AA$1) -> 24833.003 | AC65: =_xlfn.FORECAST.LINEAR(AC$1,$E65:AB65,$E$1:AB$1) -> 24746.83 | AD65: =_xlfn.FORECAST.LINEAR(AD$1,$E65:AC65,$E$1:AC$1) -> 24660.657 | ... AG65: =_xlfn.FORECAST.LINEAR(AG$1,$E65:AF65,$E$1:AF$1) -> 24402.138
D66: Latvia | E66: =Population!D60*E4/100 -> 46031.265 | F66: =Population!E60*F4/100 -> 42764.522 | G66: =Population!F60*G4/100 -> 40267.791 | H66: =Population!G60*H4/100 -> 38791.55 | I66: =Population!H60*I4/100 -> 35518.852 | J66: =Population!I60*J4/100 -> 46417.032 | K66: =Population!J60*K4/100 -> 50061.256 | L66: =Population!K60*L4/100 -> 46817.408 | ... V66: =Population!U60*V4/100 -> 32054.135 | W66: =_xlfn.FORECAST.LINEAR(W$1,$E66:V66,$E$1:V$1) -> 39943.808 | X66: =_xlfn.FORECAST.LINEAR(X$1,$E66:W66,$E$1:W$1) -> 39661.519 | Y66: =_xlfn.FORECAST.LINEAR(Y$1,$E66:X66,$E$1:X$1) -> 39379.23 | Z66: =_xlfn.FORECAST.LINEAR(Z$1,$E66:Y66,$E$1:Y$1) -> 39096.941 | AA66: =_xlfn.FORECAST.LINEAR(AA$1,$E66:Z66,$E$1:Z$1) -> 38814.652 | AB66: =_xlfn.FORECAST.LINEAR(AB$1,$E66:AA66,$E$1:AA$1) -> 38532.363 | AC66: =_xlfn.FORECAST.LINEAR(AC$1,$E66:AB66,$E$1:AB$1) -> 38250.074 | AD66: =_xlfn.FORECAST.LINEAR(AD$1,$E66:AC66,$E$1:AC$1) -> 37967.785 | ... AG66: =_xlfn.FORECAST.LINEAR(AG$1,$E66:AF66,$E$1:AF$1) -> 37120.919
D67: Lithuania | E67: =Population!D61*E5/100 -> 40673.736 | F67: =Population!E61*F5/100 -> 31915.008 | G67: =Population!F61*G5/100 -> 31496.31 | H67: =Population!G61*H5/100 -> 36131.7 | I67: =Population!H61*I5/100 -> 41344.57 | J67: =Population!I61*J5/100 -> 39668.008 | K67: =Population!J61*K5/100 -> 36367.254 | L67: =Population!K61*L5/100 -> 44482.9 | ... V67: =Population!U61*V5/100 -> 32395.564 | W67: =_xlfn.FORECAST.LINEAR(W$1,$E67:V67,$E$1:V$1) -> 42147.744 | X67: =_xlfn.FORECAST.LINEAR(X$1,$E67:W67,$E$1:W$1) -> 42362.987 | Y67: =_xlfn.FORECAST.LINEAR(Y$1,$E67:X67,$E$1:X$1) -> 42578.229 | Z67: =_xlfn.FORECAST.LINEAR(Z$1,$E67:Y67,$E$1:Y$1) -> 42793.472 | AA67: =_xlfn.FORECAST.LINEAR(AA$1,$E67:Z67,$E$1:Z$1) -> 43008.714 | AB67: =_xlfn.FORECAST.LINEAR(AB$1,$E67:AA67,$E$1:AA$1) -> 43223.957 | AC67: =_xlfn.FORECAST.LINEAR(AC$1,$E67:AB67,$E$1:AB$1) -> 43439.2 | AD67: =_xlfn.FORECAST.LINEAR(AD$1,$E67:AC67,$E$1:AC$1) -> 43654.442 | ... AG67: =_xlfn.FORECAST.LINEAR(AG$1,$E67:AF67,$E$1:AF$1) -> 44300.17
A68: 45-54 | B68: females | C68: some or severe | D68: Estonia | E68: =Population!D62*E9/100 -> 23004.6 | F68: =Population!E62*F9/100 -> 24606.56 | G68: =Population!F62*G9/100 -> 27627.54 | H68: =Population!G62*H9/100 -> 29118.3 | I68: =Population!H62*I9/100 -> 27346.71 | J68: =Population!I62*J9/100 -> 26465.296 | K68: =Population!J62*K9/100 -> 25877.796 | L68: =Population!K62*L9/100 -> 25568.804 | ... V68: =Population!U62*V9/100 -> 26613.158 | W68: =_xlfn.FORECAST.LINEAR(W$1,$E68:V68,$E$1:V$1) -> 24007.046 | X68: =_xlfn.FORECAST.LINEAR(X$1,$E68:W68,$E$1:W$1) -> 23890.769 | Y68: =_xlfn.FORECAST.LINEAR(Y$1,$E68:X68,$E$1:X$1) -> 23774.493 | Z68: =_xlfn.FORECAST.LINEAR(Z$1,$E68:Y68,$E$1:Y$1) -> 23658.216 | AA68: =_xlfn.FORECAST.LINEAR(AA$1,$E68:Z68,$E$1:Z$1) -> 23541.94 | AB68: =_xlfn.FORECAST.LINEAR(AB$1,$E68:AA68,$E$1:AA$1) -> 23425.663 | AC68: =_xlfn.FORECAST.LINEAR(AC$1,$E68:AB68,$E$1:AB$1) -> 23309.387 | AD68: =_xlfn.FORECAST.LINEAR(AD$1,$E68:AC68,$E$1:AC$1) -> 23193.11 | ... AG68: =_xlfn.FORECAST.LINEAR(AG$1,$E68:AF68,$E$1:AF$1) -> 22844.281
D69: Latvia | E69: =Population!D63*E10/100 -> 54047.736 | F69: =Population!E63*F10/100 -> 47882.016 | G69: =Population!F63*G10/100 -> 43284.912 | H69: =Population!G63*H10/100 -> 46002.943 | I69: =Population!H63*I10/100 -> 42680.061 | J69: =Population!I63*J10/100 -> 54224.235 | K69: =Population!J63*K10/100 -> 54272.184 | L69: =Population!K63*L10/100 -> 51562.307 | ... V69: =Population!U63*V10/100 -> 38491.84 | W69: =_xlfn.FORECAST.LINEAR(W$1,$E69:V69,$E$1:V$1) -> 44001.997 | X69: =_xlfn.FORECAST.LINEAR(X$1,$E69:W69,$E$1:W$1) -> 43600.098 | Y69: =_xlfn.FORECAST.LINEAR(Y$1,$E69:X69,$E$1:X$1) -> 43198.199 | Z69: =_xlfn.FORECAST.LINEAR(Z$1,$E69:Y69,$E$1:Y$1) -> 42796.299 | AA69: =_xlfn.FORECAST.LINEAR(AA$1,$E69:Z69,$E$1:Z$1) -> 42394.4 | AB69: =_xlfn.FORECAST.LINEAR(AB$1,$E69:AA69,$E$1:AA$1) -> 41992.501 | AC69: =_xlfn.FORECAST.LINEAR(AC$1,$E69:AB69,$E$1:AB$1) -> 41590.602 | AD69: =_xlfn.FORECAST.LINEAR(AD$1,$E69:AC69,$E$1:AC$1) -> 41188.703 | ... AG69: =_xlfn.FORECAST.LINEAR(AG$1,$E69:AF69,$E$1:AF$1) -> 39983.005
D70: Lithuania | E70: =Population!D64*E11/100 -> 50903.37 | F70: =Population!E64*F11/100 -> 48277.87 | G70: =Population!F64*G11/100 -> 39458.13 | H70: =Population!G64*H11/100 -> 47136.384 | I70: =Population!H64*I11/100 -> 42590.1 | J70: =Population!I64*J11/100 -> 41945.136 | K70: =Population!J64*K11/100 -> 39104.835 | L70: =Population!K64*L11/100 -> 48571.182 | ... V70: =Population!U64*V11/100 -> 22685.088 | W70: =_xlfn.FORECAST.LINEAR(W$1,$E70:V70,$E$1:V$1) -> 34197.153 | X70: =_xlfn.FORECAST.LINEAR(X$1,$E70:W70,$E$1:W$1) -> 33311.352 | Y70: =_xlfn.FORECAST.LINEAR(Y$1,$E70:X70,$E$1:X$1) -> 32425.552 | Z70: =_xlfn.FORECAST.LINEAR(Z$1,$E70:Y70,$E$1:Y$1) -> 31539.751 | AA70: =_xlfn.FORECAST.LINEAR(AA$1,$E70:Z70,$E$1:Z$1) -> 30653.951 | AB70: =_xlfn.FORECAST.LINEAR(AB$1,$E70:AA70,$E$1:AA$1) -> 29768.15 | AC70: =_xlfn.FORECAST.LINEAR(AC$1,$E70:AB70,$E$1:AB$1) -> 28882.349 | AD70: =_xlfn.FORECAST.LINEAR(AD$1,$E70:AC70,$E$1:AC$1) -> 27996.549 | ... AG70: =_xlfn.FORECAST.LINEAR(AG$1,$E70:AF70,$E$1:AF$1) -> 25339.147
A71: 55-64 | B71: males | C71: some or severe | D71: Estonia | E71: =Population!D65*E15/100 -> 30743.82 | F71: =Population!E65*F15/100 -> 25895.12 | G71: =Population!F65*G15/100 -> 30555.8 | H71: =Population!G65*H15/100 -> 34237.02 | I71: =Population!H65*I15/100 -> 36913.635 | J71: =Population!I65*J15/100 -> 34932.704 | K71: =Population!J65*K15/100 -> 36145.06 | L71: =Population!K65*L15/100 -> 36539.754 | ... V71: =Population!U65*V15/100 -> 34979.994 | W71: =_xlfn.FORECAST.LINEAR(W$1,$E71:V71,$E$1:V$1) -> 35955.965 | X71: =_xlfn.FORECAST.LINEAR(X$1,$E71:W71,$E$1:W$1) -> 36146.411 | Y71: =_xlfn.FORECAST.LINEAR(Y$1,$E71:X71,$E$1:X$1) -> 36336.856 | Z71: =_xlfn.FORECAST.LINEAR(Z$1,$E71:Y71,$E$1:Y$1) -> 36527.301 | AA71: =_xlfn.FORECAST.LINEAR(AA$1,$E71:Z71,$E$1:Z$1) -> 36717.747 | AB71: =_xlfn.FORECAST.LINEAR(AB$1,$E71:AA71,$E$1:AA$1) -> 36908.192 | AC71: =_xlfn.FORECAST.LINEAR(AC$1,$E71:AB71,$E$1:AB$1) -> 37098.637 | AD71: =_xlfn.FORECAST.LINEAR(AD$1,$E71:AC71,$E$1:AC$1) -> 37289.083 | ... AG71: =_xlfn.FORECAST.LINEAR(AG$1,$E71:AF71,$E$1:AF$1) -> 37860.419
D72: Latvia | E72: =Population!D66*E16/100 -> 48236.98 | F72: =Population!E66*F16/100 -> 47291.856 | G72: =Population!F66*G16/100 -> 44530.854 | H72: =Population!G66*H16/100 -> 45461.264 | I72: =Population!H66*I16/100 -> 38695.712 | J72: =Population!I66*J16/100 -> 48033.843 | K72: =Population!J66*K16/100 -> 56348.325 | L72: =Population!K66*L16/100 -> 53880.84 | ... V72: =Population!U66*V16/100 -> 51062.05 | W72: =_xlfn.FORECAST.LINEAR(W$1,$E72:V72,$E$1:V$1) -> 61085.599 | X72: =_xlfn.FORECAST.LINEAR(X$1,$E72:W72,$E$1:W$1) -> 61899.973 | Y72: =_xlfn.FORECAST.LINEAR(Y$1,$E72:X72,$E$1:X$1) -> 62714.348 | Z72: =_xlfn.FORECAST.LINEAR(Z$1,$E72:Y72,$E$1:Y$1) -> 63528.723 | AA72: =_xlfn.FORECAST.LINEAR(AA$1,$E72:Z72,$E$1:Z$1) -> 64343.098 | AB72: =_xlfn.FORECAST.LINEAR(AB$1,$E72:AA72,$E$1:AA$1) -> 65157.473 | AC72: =_xlfn.FORECAST.LINEAR(AC$1,$E72:AB72,$E$1:AB$1) -> 65971.848 | AD72: =_xlfn.FORECAST.LINEAR(AD$1,$E72:AC72,$E$1:AC$1) -> 66786.223 | ... AG72: =_xlfn.FORECAST.LINEAR(AG$1,$E72:AF72,$E$1:AF$1) -> 69229.347
D73: Lithuania | E73: =Population!D67*E17/100 -> 59378.877 | F73: =Population!E67*F17/100 -> 48426.248 | G73: =Population!F67*G17/100 -> 49048.692 | H73: =Population!G67*H17/100 -> 50237.908 | I73: =Population!H67*I17/100 -> 55376.109 | J73: =Population!I67*J17/100 -> 55875.339 | K73: =Population!J67*K17/100 -> 53882.733 | L73: =Population!K67*L17/100 -> 68311.321 | ... V73: =Population!U67*V17/100 -> 55987.681 | W73: =_xlfn.FORECAST.LINEAR(W$1,$E73:V73,$E$1:V$1) -> 69283.44 | X73: =_xlfn.FORECAST.LINEAR(X$1,$E73:W73,$E$1:W$1) -> 70126.653 | Y73: =_xlfn.FORECAST.LINEAR(Y$1,$E73:X73,$E$1:X$1) -> 70969.867 | Z73: =_xlfn.FORECAST.LINEAR(Z$1,$E73:Y73,$E$1:Y$1) -> 71813.08 | AA73: =_xlfn.FORECAST.LINEAR(AA$1,$E73:Z73,$E$1:Z$1) -> 72656.294 | AB73: =_xlfn.FORECAST.LINEAR(AB$1,$E73:AA73,$E$1:AA$1) -> 73499.507 | AC73: =_xlfn.FORECAST.LINEAR(AC$1,$E73:AB73,$E$1:AB$1) -> 74342.72 | AD73: =_xlfn.FORECAST.LINEAR(AD$1,$E73:AC73,$E$1:AC$1) -> 75185.934 | ... AG73: =_xlfn.FORECAST.LINEAR(AG$1,$E73:AF73,$E$1:AF$1) -> 77715.574
A74: 55-64 | B74: females | C74: some or severe | D74: Estonia | E74: =Population!D68*E21/100 -> 38312.56 | F74: =Population!E68*F21/100 -> 34226.5 | G74: =Population!F68*G21/100 -> 35101.44 | H74: =Population!G68*H21/100 -> 39354.7 | I74: =Population!H68*I21/100 -> 45913.497 | J74: =Population!I68*J21/100 -> 44398.616 | K74: =Population!J68*K21/100 -> 44820.831 | L74: =Population!K68*L21/100 -> 44711.616 | ... V74: =Population!U68*V21/100 -> 34252.44 | W74: =_xlfn.FORECAST.LINEAR(W$1,$E74:V74,$E$1:V$1) -> 37310.659 | X74: =_xlfn.FORECAST.LINEAR(X$1,$E74:W74,$E$1:W$1) -> 37080.941 | Y74: =_xlfn.FORECAST.LINEAR(Y$1,$E74:X74,$E$1:X$1) -> 36851.222 | Z74: =_xlfn.FORECAST.LINEAR(Z$1,$E74:Y74,$E$1:Y$1) -> 36621.504 | AA74: =_xlfn.FORECAST.LINEAR(AA$1,$E74:Z74,$E$1:Z$1) -> 36391.786 | AB74: =_xlfn.FORECAST.LINEAR(AB$1,$E74:AA74,$E$1:AA$1) -> 36162.068 | AC74: =_xlfn.FORECAST.LINEAR(AC$1,$E74:AB74,$E$1:AB$1) -> 35932.349 | AD74: =_xlfn.FORECAST.LINEAR(AD$1,$E74:AC74,$E$1:AC$1) -> 35702.631 | ... AG74: =_xlfn.FORECAST.LINEAR(AG$1,$E74:AF74,$E$1:AF$1) -> 35013.476
D75: Latvia | E75: =Population!D69*E22/100 -> 73422.967 | F75: =Population!E69*F22/100 -> 68600.832 | G75: =Population!F69*G22/100 -> 66830.952 | H75: =Population!G69*H22/100 -> 66624.774 | I75: =Population!H69*I22/100 -> 56084.875 | J75: =Population!I69*J22/100 -> 76714.164 | K75: =Population!J69*K22/100 -> 74651.12 | L75: =Population!K69*L22/100 -> 77316.659 | ... V75: =Population!U69*V22/100 -> 60059.685 | W75: =_xlfn.FORECAST.LINEAR(W$1,$E75:V75,$E$1:V$1) -> 72002.397 | X75: =_xlfn.FORECAST.LINEAR(X$1,$E75:W75,$E$1:W$1) -> 72061.46 | Y75: =_xlfn.FORECAST.LINEAR(Y$1,$E75:X75,$E$1:X$1) -> 72120.523 | Z75: =_xlfn.FORECAST.LINEAR(Z$1,$E75:Y75,$E$1:Y$1) -> 72179.586 | AA75: =_xlfn.FORECAST.LINEAR(AA$1,$E75:Z75,$E$1:Z$1) -> 72238.649 | AB75: =_xlfn.FORECAST.LINEAR(AB$1,$E75:AA75,$E$1:AA$1) -> 72297.713 | AC75: =_xlfn.FORECAST.LINEAR(AC$1,$E75:AB75,$E$1:AB$1) -> 72356.776 | AD75: =_xlfn.FORECAST.LINEAR(AD$1,$E75:AC75,$E$1:AC$1) -> 72415.839 | ... AG75: =_xlfn.FORECAST.LINEAR(AG$1,$E75:AF75,$E$1:AF$1) -> 72593.028
D76: Lithuania | E76: =Population!D70*E23/100 -> 80598.594 | F76: =Population!E70*F23/100 -> 71309.91 | G76: =Population!F70*G23/100 -> 64009.856 | H76: =Population!G70*H23/100 -> 64371.968 | I76: =Population!H70*I23/100 -> 68559.183 | J76: =Population!I70*J23/100 -> 70797.482 | K76: =Population!J70*K23/100 -> 69171.63 | L76: =Population!K70*L23/100 -> 85792.83 | ... V76: =Population!U70*V23/100 -> 61021.188 | W76: =_xlfn.FORECAST.LINEAR(W$1,$E76:V76,$E$1:V$1) -> 78072.799 | X76: =_xlfn.FORECAST.LINEAR(X$1,$E76:W76,$E$1:W$1) -> 78306.532 | Y76: =_xlfn.FORECAST.LINEAR(Y$1,$E76:X76,$E$1:X$1) -> 78540.266 | Z76: =_xlfn.FORECAST.LINEAR(Z$1,$E76:Y76,$E$1:Y$1) -> 78773.999 | AA76: =_xlfn.FORECAST.LINEAR(AA$1,$E76:Z76,$E$1:Z$1) -> 79007.733 | AB76: =_xlfn.FORECAST.LINEAR(AB$1,$E76:AA76,$E$1:AA$1) -> 79241.466 | AC76: =_xlfn.FORECAST.LINEAR(AC$1,$E76:AB76,$E$1:AB$1) -> 79475.2 | AD76: =_xlfn.FORECAST.LINEAR(AD$1,$E76:AC76,$E$1:AC$1) -> 79708.933 | ... AG76: =_xlfn.FORECAST.LINEAR(AG$1,$E76:AF76,$E$1:AF$1) -> 80410.133
A77: 65-74 | B77: males | C77: some or severe | D77: Estonia | E77: =Population!D71*E27/100 -> 32261.53 | F77: =Population!E71*F27/100 -> 25695.72 | G77: =Population!F71*G27/100 -> 28763.97 | H77: =Population!G71*H27/100 -> 27206.1 | I77: =Population!H71*I27/100 -> 28285.507 | J77: =Population!I71*J27/100 -> 29667 | K77: =Population!J71*K27/100 -> 28657.911 | L77: =Population!K71*L27/100 -> 30488.5 | ... V77: =Population!U71*V27/100 -> 32740.323 | W77: =_xlfn.FORECAST.LINEAR(W$1,$E77:V77,$E$1:V$1) -> 31539.206 | X77: =_xlfn.FORECAST.LINEAR(X$1,$E77:W77,$E$1:W$1) -> 31738.434 | Y77: =_xlfn.FORECAST.LINEAR(Y$1,$E77:X77,$E$1:X$1) -> 31937.663 | Z77: =_xlfn.FORECAST.LINEAR(Z$1,$E77:Y77,$E$1:Y$1) -> 32136.891 | AA77: =_xlfn.FORECAST.LINEAR(AA$1,$E77:Z77,$E$1:Z$1) -> 32336.12 | AB77: =_xlfn.FORECAST.LINEAR(AB$1,$E77:AA77,$E$1:AA$1) -> 32535.348 | AC77: =_xlfn.FORECAST.LINEAR(AC$1,$E77:AB77,$E$1:AB$1) -> 32734.577 | AD77: =_xlfn.FORECAST.LINEAR(AD$1,$E77:AC77,$E$1:AC$1) -> 32933.805 | ... AG77: =_xlfn.FORECAST.LINEAR(AG$1,$E77:AF77,$E$1:AF$1) -> 33531.491
D78: Latvia | E78: =Population!D72*E28/100 -> 47202.75 | F78: =Population!E72*F28/100 -> 49459.8 | G78: =Population!F72*G28/100 -> 46660.46 | H78: =Population!G72*H28/100 -> 46513.152 | I78: =Population!H72*I28/100 -> 43777.464 | J78: =Population!I72*J28/100 -> 50484.132 | K78: =Population!J72*K28/100 -> 48167.945 | L78: =Population!K72*L28/100 -> 47701.346 | ... V78: =Population!U72*V28/100 -> 48586.044 | W78: =_xlfn.FORECAST.LINEAR(W$1,$E78:V78,$E$1:V$1) -> 50532.665 | X78: =_xlfn.FORECAST.LINEAR(X$1,$E78:W78,$E$1:W$1) -> 50778.313 | Y78: =_xlfn.FORECAST.LINEAR(Y$1,$E78:X78,$E$1:X$1) -> 51023.961 | Z78: =_xlfn.FORECAST.LINEAR(Z$1,$E78:Y78,$E$1:Y$1) -> 51269.609 | AA78: =_xlfn.FORECAST.LINEAR(AA$1,$E78:Z78,$E$1:Z$1) -> 51515.257 | AB78: =_xlfn.FORECAST.LINEAR(AB$1,$E78:AA78,$E$1:AA$1) -> 51760.905 | AC78: =_xlfn.FORECAST.LINEAR(AC$1,$E78:AB78,$E$1:AB$1) -> 52006.553 | AD78: =_xlfn.FORECAST.LINEAR(AD$1,$E78:AC78,$E$1:AC$1) -> 52252.201 | ... AG78: =_xlfn.FORECAST.LINEAR(AG$1,$E78:AF78,$E$1:AF$1) -> 52989.145
D79: Lithuania | E79: =Population!D73*E29/100 -> 58301.386 | F79: =Population!E73*F29/100 -> 56690.472 | G79: =Population!F73*G29/100 -> 50717.184 | H79: =Population!G73*H29/100 -> 54533.57 | I79: =Population!H73*I29/100 -> 56225.799 | J79: =Population!I73*J29/100 -> 52050.156 | K79: =Population!J73*K29/100 -> 51164.33 | L79: =Population!K73*L29/100 -> 59098.11 | ... V79: =Population!U73*V29/100 -> 48639.459 | W79: =_xlfn.FORECAST.LINEAR(W$1,$E79:V79,$E$1:V$1) -> 54241.934 | X79: =_xlfn.FORECAST.LINEAR(X$1,$E79:W79,$E$1:W$1) -> 54156.856 | Y79: =_xlfn.FORECAST.LINEAR(Y$1,$E79:X79,$E$1:X$1) -> 54071.779 | Z79: =_xlfn.FORECAST.LINEAR(Z$1,$E79:Y79,$E$1:Y$1) -> 53986.702 | AA79: =_xlfn.FORECAST.LINEAR(AA$1,$E79:Z79,$E$1:Z$1) -> 53901.625 | AB79: =_xlfn.FORECAST.LINEAR(AB$1,$E79:AA79,$E$1:AA$1) -> 53816.548 | AC79: =_xlfn.FORECAST.LINEAR(AC$1,$E79:AB79,$E$1:AB$1) -> 53731.47 | AD79: =_xlfn.FORECAST.LINEAR(AD$1,$E79:AC79,$E$1:AC$1) -> 53646.393 | ... AG79: =_xlfn.FORECAST.LINEAR(AG$1,$E79:AF79,$E$1:AF$1) -> 53391.162
A80: 65-74 | B80: females | C80: some or severe | D80: Estonia | E80: =Population!D74*E33/100 -> 55607.79 | F80: =Population!E74*F33/100 -> 50143.4 | G80: =Population!F74*G33/100 -> 49711.69 | H80: =Population!G74*H33/100 -> 48611.88 | I80: =Population!H74*I33/100 -> 49204.89 | J80: =Population!I74*J33/100 -> 46870.719 | K80: =Population!J74*K33/100 -> 46516.456 | L80: =Population!K74*L33/100 -> 49953.888 | ... V80: =Population!U74*V33/100 -> 45164.378 | W80: =_xlfn.FORECAST.LINEAR(W$1,$E80:V80,$E$1:V$1) -> 42462.088 | X80: =_xlfn.FORECAST.LINEAR(X$1,$E80:W80,$E$1:W$1) -> 41994.912 | Y80: =_xlfn.FORECAST.LINEAR(Y$1,$E80:X80,$E$1:X$1) -> 41527.736 | Z80: =_xlfn.FORECAST.LINEAR(Z$1,$E80:Y80,$E$1:Y$1) -> 41060.56 | AA80: =_xlfn.FORECAST.LINEAR(AA$1,$E80:Z80,$E$1:Z$1) -> 40593.383 | AB80: =_xlfn.FORECAST.LINEAR(AB$1,$E80:AA80,$E$1:AA$1) -> 40126.207 | AC80: =_xlfn.FORECAST.LINEAR(AC$1,$E80:AB80,$E$1:AB$1) -> 39659.031 | AD80: =_xlfn.FORECAST.LINEAR(AD$1,$E80:AC80,$E$1:AC$1) -> 39191.855 | ... AG80: =_xlfn.FORECAST.LINEAR(AG$1,$E80:AF80,$E$1:AF$1) -> 37790.327
D81: Latvia | E81: =Population!D75*E34/100 -> 91868.916 | F81: =Population!E75*F34/100 -> 85970.017 | G81: =Population!F75*G34/100 -> 85891.108 | H81: =Population!G75*H34/100 -> 89016.438 | I81: =Population!H75*I34/100 -> 75945.66 | J81: =Population!I75*J34/100 -> 92947.806 | K81: =Population!J75*K34/100 -> 86389.42 | L81: =Population!K75*L34/100 -> 89869.295 | ... V81: =Population!U75*V34/100 -> 76904.634 | W81: =_xlfn.FORECAST.LINEAR(W$1,$E81:V81,$E$1:V$1) -> 80168.406 | X81: =_xlfn.FORECAST.LINEAR(X$1,$E81:W81,$E$1:W$1) -> 79717.51 | Y81: =_xlfn.FORECAST.LINEAR(Y$1,$E81:X81,$E$1:X$1) -> 79266.614 | Z81: =_xlfn.FORECAST.LINEAR(Z$1,$E81:Y81,$E$1:Y$1) -> 78815.718 | AA81: =_xlfn.FORECAST.LINEAR(AA$1,$E81:Z81,$E$1:Z$1) -> 78364.822 | AB81: =_xlfn.FORECAST.LINEAR(AB$1,$E81:AA81,$E$1:AA$1) -> 77913.926 | AC81: =_xlfn.FORECAST.LINEAR(AC$1,$E81:AB81,$E$1:AB$1) -> 77463.03 | AD81: =_xlfn.FORECAST.LINEAR(AD$1,$E81:AC81,$E$1:AC$1) -> 77012.135 | ... AG81: =_xlfn.FORECAST.LINEAR(AG$1,$E81:AF81,$E$1:AF$1) -> 75659.447
D82: Lithuania | E82: =Population!D76*E35/100 -> 115411.13 | F82: =Population!E76*F35/100 -> 102834.36 | G82: =Population!F76*G35/100 -> 101052.3 | H82: =Population!G76*H35/100 -> 100881.55 | I82: =Population!H76*I35/100 -> 104483.21 | J82: =Population!I76*J35/100 -> 95027.29 | K82: =Population!J76*K35/100 -> 101495.34 | L82: =Population!K76*L35/100 -> 103732.43 | ... V82: =Population!U76*V35/100 -> 76101.83 | W82: =_xlfn.FORECAST.LINEAR(W$1,$E82:V82,$E$1:V$1) -> 79550.838 | X82: =_xlfn.FORECAST.LINEAR(X$1,$E82:W82,$E$1:W$1) -> 77808.987 | Y82: =_xlfn.FORECAST.LINEAR(Y$1,$E82:X82,$E$1:X$1) -> 76067.137 | Z82: =_xlfn.FORECAST.LINEAR(Z$1,$E82:Y82,$E$1:Y$1) -> 74325.286 | AA82: =_xlfn.FORECAST.LINEAR(AA$1,$E82:Z82,$E$1:Z$1) -> 72583.436 | AB82: =_xlfn.FORECAST.LINEAR(AB$1,$E82:AA82,$E$1:AA$1) -> 70841.586 | AC82: =_xlfn.FORECAST.LINEAR(AC$1,$E82:AB82,$E$1:AB$1) -> 69099.735 | AD82: =_xlfn.FORECAST.LINEAR(AD$1,$E82:AC82,$E$1:AC$1) -> 67357.885 | ... AG82: =_xlfn.FORECAST.LINEAR(AG$1,$E82:AF82,$E$1:AF$1) -> 62132.333
A83: 75-84 | B83: males | C83: some or severe | D83: Estonia | E83: =Population!D77*E39/100 -> 19517.48 | F83: =Population!E77*F39/100 -> 17503.83 | G83: =Population!F77*G39/100 -> 16305.88 | H83: =Population!G77*H39/100 -> 16843.76 | I83: =Population!H77*I39/100 -> 16954.899 | J83: =Population!I77*J39/100 -> 18451.722 | K83: =Population!J77*K39/100 -> 20674.89 | L83: =Population!K77*L39/100 -> 19121.817 | ... V83: =Population!U77*V39/100 -> 19834.98 | W83: =_xlfn.FORECAST.LINEAR(W$1,$E83:V83,$E$1:V$1) -> 18207.885 | X83: =_xlfn.FORECAST.LINEAR(X$1,$E83:W83,$E$1:W$1) -> 18194.2 | Y83: =_xlfn.FORECAST.LINEAR(Y$1,$E83:X83,$E$1:X$1) -> 18180.515 | Z83: =_xlfn.FORECAST.LINEAR(Z$1,$E83:Y83,$E$1:Y$1) -> 18166.83 | AA83: =_xlfn.FORECAST.LINEAR(AA$1,$E83:Z83,$E$1:Z$1) -> 18153.145 | AB83: =_xlfn.FORECAST.LINEAR(AB$1,$E83:AA83,$E$1:AA$1) -> 18139.46 | AC83: =_xlfn.FORECAST.LINEAR(AC$1,$E83:AB83,$E$1:AB$1) -> 18125.775 | AD83: =_xlfn.FORECAST.LINEAR(AD$1,$E83:AC83,$E$1:AC$1) -> 18112.09 | ... AG83: =_xlfn.FORECAST.LINEAR(AG$1,$E83:AF83,$E$1:AF$1) -> 18071.036
D84: Latvia | E84: =Population!D78*E40/100 -> 26162.1 | F84: =Population!E78*F40/100 -> 27733.218 | G84: =Population!F78*G40/100 -> 27309.755 | H84: =Population!G78*H40/100 -> 29291.979 | I84: =Population!H78*I40/100 -> 26585.042 | J84: =Population!I78*J40/100 -> 31664.49 | K84: =Population!J78*K40/100 -> 32902.852 | L84: =Population!K78*L40/100 -> 33934.35 | ... V84: =Population!U78*V40/100 -> 29479.836 | W84: =_xlfn.FORECAST.LINEAR(W$1,$E84:V84,$E$1:V$1) -> 33865.512 | X84: =_xlfn.FORECAST.LINEAR(X$1,$E84:W84,$E$1:W$1) -> 34141.945 | Y84: =_xlfn.FORECAST.LINEAR(Y$1,$E84:X84,$E$1:X$1) -> 34418.378 | Z84: =_xlfn.FORECAST.LINEAR(Z$1,$E84:Y84,$E$1:Y$1) -> 34694.812 | AA84: =_xlfn.FORECAST.LINEAR(AA$1,$E84:Z84,$E$1:Z$1) -> 34971.245 | AB84: =_xlfn.FORECAST.LINEAR(AB$1,$E84:AA84,$E$1:AA$1) -> 35247.679 | AC84: =_xlfn.FORECAST.LINEAR(AC$1,$E84:AB84,$E$1:AB$1) -> 35524.112 | AD84: =_xlfn.FORECAST.LINEAR(AD$1,$E84:AC84,$E$1:AC$1) -> 35800.546 | ... AG84: =_xlfn.FORECAST.LINEAR(AG$1,$E84:AF84,$E$1:AF$1) -> 36629.846
D85: Lithuania | E85: =Population!D79*E41/100 -> 41597.759 | F85: =Population!E79*F41/100 -> 39282.348 | G85: =Population!F79*G41/100 -> 38247.627 | H85: =Population!G79*H41/100 -> 39959.878 | I85: =Population!H79*I41/100 -> 44696.037 | J85: =Population!I79*J41/100 -> 43534.788 | K85: =Population!J79*K41/100 -> 42126.183 | L85: =Population!K79*L41/100 -> 49516.39 | ... V85: =Population!U79*V41/100 -> 31586.85 | W85: =_xlfn.FORECAST.LINEAR(W$1,$E85:V85,$E$1:V$1) -> 37083.505 | X85: =_xlfn.FORECAST.LINEAR(X$1,$E85:W85,$E$1:W$1) -> 36687.96 | Y85: =_xlfn.FORECAST.LINEAR(Y$1,$E85:X85,$E$1:X$1) -> 36292.414 | Z85: =_xlfn.FORECAST.LINEAR(Z$1,$E85:Y85,$E$1:Y$1) -> 35896.869 | AA85: =_xlfn.FORECAST.LINEAR(AA$1,$E85:Z85,$E$1:Z$1) -> 35501.324 | AB85: =_xlfn.FORECAST.LINEAR(AB$1,$E85:AA85,$E$1:AA$1) -> 35105.779 | AC85: =_xlfn.FORECAST.LINEAR(AC$1,$E85:AB85,$E$1:AB$1) -> 34710.234 | AD85: =_xlfn.FORECAST.LINEAR(AD$1,$E85:AC85,$E$1:AC$1) -> 34314.688 | ... AG85: =_xlfn.FORECAST.LINEAR(AG$1,$E85:AF85,$E$1:AF$1) -> 33128.053
A86: 75-84 | B86: females | C86: some or severe | D86: Estonia | E86: =Population!D80*E45/100 -> 50323.56 | F86: =Population!E80*F45/100 -> 46664 | G86: =Population!F80*G45/100 -> 45653.16 | H86: =Population!G80*H45/100 -> 46424.76 | I86: =Population!H80*I45/100 -> 47037.024 | J86: =Population!I80*J45/100 -> 48113.245 | K86: =Population!J80*K45/100 -> 49098.456 | L86: =Population!K80*L45/100 -> 52033.87 | ... V86: =Population!U80*V45/100 -> 40104.306 | W86: =_xlfn.FORECAST.LINEAR(W$1,$E86:V86,$E$1:V$1) -> 40815.793 | X86: =_xlfn.FORECAST.LINEAR(X$1,$E86:W86,$E$1:W$1) -> 40296.623 | Y86: =_xlfn.FORECAST.LINEAR(Y$1,$E86:X86,$E$1:X$1) -> 39777.454 | Z86: =_xlfn.FORECAST.LINEAR(Z$1,$E86:Y86,$E$1:Y$1) -> 39258.284 | AA86: =_xlfn.FORECAST.LINEAR(AA$1,$E86:Z86,$E$1:Z$1) -> 38739.115 | AB86: =_xlfn.FORECAST.LINEAR(AB$1,$E86:AA86,$E$1:AA$1) -> 38219.945 | AC86: =_xlfn.FORECAST.LINEAR(AC$1,$E86:AB86,$E$1:AB$1) -> 37700.775 | AD86: =_xlfn.FORECAST.LINEAR(AD$1,$E86:AC86,$E$1:AC$1) -> 37181.606 | ... AG86: =_xlfn.FORECAST.LINEAR(AG$1,$E86:AF86,$E$1:AF$1) -> 35624.097
D87: Latvia | E87: =Population!D81*E46/100 -> 78214.416 | F87: =Population!E81*F46/100 -> 72621.469 | G87: =Population!F81*G46/100 -> 73745.1 | H87: =Population!G81*H46/100 -> 75549.519 | I87: =Population!H81*I46/100 -> 70556.023 | J87: =Population!I81*J46/100 -> 79156.134 | K87: =Population!J81*K46/100 -> 81103.107 | L87: =Population!K81*L46/100 -> 84395.927 | ... V87: =Population!U81*V46/100 -> 69760.834 | W87: =_xlfn.FORECAST.LINEAR(W$1,$E87:V87,$E$1:V$1) -> 81530.646 | X87: =_xlfn.FORECAST.LINEAR(X$1,$E87:W87,$E$1:W$1) -> 81758.405 | Y87: =_xlfn.FORECAST.LINEAR(Y$1,$E87:X87,$E$1:X$1) -> 81986.163 | Z87: =_xlfn.FORECAST.LINEAR(Z$1,$E87:Y87,$E$1:Y$1) -> 82213.922 | AA87: =_xlfn.FORECAST.LINEAR(AA$1,$E87:Z87,$E$1:Z$1) -> 82441.68 | AB87: =_xlfn.FORECAST.LINEAR(AB$1,$E87:AA87,$E$1:AA$1) -> 82669.438 | AC87: =_xlfn.FORECAST.LINEAR(AC$1,$E87:AB87,$E$1:AB$1) -> 82897.197 | AD87: =_xlfn.FORECAST.LINEAR(AD$1,$E87:AC87,$E$1:AC$1) -> 83124.955 | ... AG87: =_xlfn.FORECAST.LINEAR(AG$1,$E87:AF87,$E$1:AF$1) -> 83808.23
D88: Lithuania | E88: =Population!D82*E47/100 -> 100006.56 | F88: =Population!E82*F47/100 -> 96310.755 | G88: =Population!F82*G47/100 -> 96520.494 | H88: =Population!G82*H47/100 -> 98478.847 | I88: =Population!H82*I47/100 -> 102672.65 | J88: =Population!I82*J47/100 -> 109317.62 | K88: =Population!J82*K47/100 -> 109944.16 | L88: =Population!K82*L47/100 -> 114261.52 | ... V88: =Population!U82*V47/100 -> 79090.8 | W88: =_xlfn.FORECAST.LINEAR(W$1,$E88:V88,$E$1:V$1) -> 92628.553 | X88: =_xlfn.FORECAST.LINEAR(X$1,$E88:W88,$E$1:W$1) -> 91805.435 | Y88: =_xlfn.FORECAST.LINEAR(Y$1,$E88:X88,$E$1:X$1) -> 90982.316 | Z88: =_xlfn.FORECAST.LINEAR(Z$1,$E88:Y88,$E$1:Y$1) -> 90159.198 | AA88: =_xlfn.FORECAST.LINEAR(AA$1,$E88:Z88,$E$1:Z$1) -> 89336.079 | AB88: =_xlfn.FORECAST.LINEAR(AB$1,$E88:AA88,$E$1:AA$1) -> 88512.96 | AC88: =_xlfn.FORECAST.LINEAR(AC$1,$E88:AB88,$E$1:AB$1) -> 87689.842 | AD88: =_xlfn.FORECAST.LINEAR(AD$1,$E88:AC88,$E$1:AC$1) -> 86866.723 | ... AG88: =_xlfn.FORECAST.LINEAR(AG$1,$E88:AF88,$E$1:AF$1) -> 84397.367
A89: 85+ | B89: males | C89: some or severe | D89: Estonia | E89: =Population!D83*E51/100 -> 2850.12 | F89: =Population!E83*F51/100 -> 2969.08 | G89: =Population!F83*G51/100 -> 3041.5 | H89: =Population!G83*H51/100 -> 3450.16 | I89: =Population!H83*I51/100 -> 3614.56 | J89: =Population!I83*J51/100 -> 4440.974 | K89: =Population!J83*K51/100 -> 5240.928 | L89: =Population!K83*L51/100 -> 4611.68 | ... V89: =Population!U83*V51/100 -> 6990 | W89: =_xlfn.FORECAST.LINEAR(W$1,$E89:V89,$E$1:V$1) -> 6963.3307 | X89: =_xlfn.FORECAST.LINEAR(X$1,$E89:W89,$E$1:W$1) -> 7179.187 | Y89: =_xlfn.FORECAST.LINEAR(Y$1,$E89:X89,$E$1:X$1) -> 7395.0432 | Z89: =_xlfn.FORECAST.LINEAR(Z$1,$E89:Y89,$E$1:Y$1) -> 7610.8995 | AA89: =_xlfn.FORECAST.LINEAR(AA$1,$E89:Z89,$E$1:Z$1) -> 7826.7558 | AB89: =_xlfn.FORECAST.LINEAR(AB$1,$E89:AA89,$E$1:AA$1) -> 8042.612 | AC89: =_xlfn.FORECAST.LINEAR(AC$1,$E89:AB89,$E$1:AB$1) -> 8258.4683 | AD89: =_xlfn.FORECAST.LINEAR(AD$1,$E89:AC89,$E$1:AC$1) -> 8474.3245 | ... AG89: =_xlfn.FORECAST.LINEAR(AG$1,$E89:AF89,$E$1:AF$1) -> 9121.8933
D90: Latvia | E90: =Population!D84*E52/100 -> 4556.085 | F90: =Population!E84*F52/100 -> 3936.012 | G90: =Population!F84*G52/100 -> 4730.924 | H90: =Population!G84*H52/100 -> 4297.566 | I90: =Population!H84*I52/100 -> 4696.218 | J90: =Population!I84*J52/100 -> 6207.559 | K90: =Population!J84*K52/100 -> 7119 | L90: =Population!K84*L52/100 -> 7552.813 | ... V90: =Population!U84*V52/100 -> 10223.64 | W90: =_xlfn.FORECAST.LINEAR(W$1,$E90:V90,$E$1:V$1) -> 11467.994 | X90: =_xlfn.FORECAST.LINEAR(X$1,$E90:W90,$E$1:W$1) -> 11876.763 | Y90: =_xlfn.FORECAST.LINEAR(Y$1,$E90:X90,$E$1:X$1) -> 12285.531 | Z90: =_xlfn.FORECAST.LINEAR(Z$1,$E90:Y90,$E$1:Y$1) -> 12694.299 | AA90: =_xlfn.FORECAST.LINEAR(AA$1,$E90:Z90,$E$1:Z$1) -> 13103.068 | AB90: =_xlfn.FORECAST.LINEAR(AB$1,$E90:AA90,$E$1:AA$1) -> 13511.836 | AC90: =_xlfn.FORECAST.LINEAR(AC$1,$E90:AB90,$E$1:AB$1) -> 13920.604 | AD90: =_xlfn.FORECAST.LINEAR(AD$1,$E90:AC90,$E$1:AC$1) -> 14329.373 | ... AG90: =_xlfn.FORECAST.LINEAR(AG$1,$E90:AF90,$E$1:AF$1) -> 15555.678
D91: Lithuania | E91: =Population!D85*E53/100 -> 8556.24 | F91: =Population!E85*F53/100 -> 7949.95 | G91: =Population!F85*G53/100 -> 9114.742 | H91: =Population!G85*H53/100 -> 8810.949 | I91: =Population!H85*I53/100 -> 10411.453 | J91: =Population!I85*J53/100 -> 11030.688 | K91: =Population!J85*K53/100 -> 11245.128 | L91: =Population!K85*L53/100 -> 12100.82 | ... V91: =Population!U85*V53/100 -> 13290.09 | W91: =_xlfn.FORECAST.LINEAR(W$1,$E91:V91,$E$1:V$1) -> 15157.692 | X91: =_xlfn.FORECAST.LINEAR(X$1,$E91:W91,$E$1:W$1) -> 15490.276 | Y91: =_xlfn.FORECAST.LINEAR(Y$1,$E91:X91,$E$1:X$1) -> 15822.86 | Z91: =_xlfn.FORECAST.LINEAR(Z$1,$E91:Y91,$E$1:Y$1) -> 16155.443 | AA91: =_xlfn.FORECAST.LINEAR(AA$1,$E91:Z91,$E$1:Z$1) -> 16488.027 | AB91: =_xlfn.FORECAST.LINEAR(AB$1,$E91:AA91,$E$1:AA$1) -> 16820.611 | AC91: =_xlfn.FORECAST.LINEAR(AC$1,$E91:AB91,$E$1:AB$1) -> 17153.194 | AD91: =_xlfn.FORECAST.LINEAR(AD$1,$E91:AC91,$E$1:AC$1) -> 17485.778 | ... AG91: =_xlfn.FORECAST.LINEAR(AG$1,$E91:AF91,$E$1:AF$1) -> 18483.529
A92: 85+ | B92: females | C92: some or severe | D92: Estonia | E92: =Population!D86*E57/100 -> 13371.36 | F92: =Population!E86*F57/100 -> 13554.18 | G92: =Population!F86*G57/100 -> 14855.94 | H92: =Population!G86*H57/100 -> 15170.4 | I92: =Population!H86*I57/100 -> 17089.2 | J92: =Population!I86*J57/100 -> 18434.382 | K92: =Population!J86*K57/100 -> 17770.567 | L92: =Population!K86*L57/100 -> 19900.512 | ... V92: =Population!U86*V57/100 -> 25599.805 | W92: =_xlfn.FORECAST.LINEAR(W$1,$E92:V92,$E$1:V$1) -> 26864.88 | X92: =_xlfn.FORECAST.LINEAR(X$1,$E92:W92,$E$1:W$1) -> 27589.078 | Y92: =_xlfn.FORECAST.LINEAR(Y$1,$E92:X92,$E$1:X$1) -> 28313.277 | Z92: =_xlfn.FORECAST.LINEAR(Z$1,$E92:Y92,$E$1:Y$1) -> 29037.475 | AA92: =_xlfn.FORECAST.LINEAR(AA$1,$E92:Z92,$E$1:Z$1) -> 29761.673 | AB92: =_xlfn.FORECAST.LINEAR(AB$1,$E92:AA92,$E$1:AA$1) -> 30485.872 | AC92: =_xlfn.FORECAST.LINEAR(AC$1,$E92:AB92,$E$1:AB$1) -> 31210.07 | AD92: =_xlfn.FORECAST.LINEAR(AD$1,$E92:AC92,$E$1:AC$1) -> 31934.268 | ... AG92: =_xlfn.FORECAST.LINEAR(AG$1,$E92:AF92,$E$1:AF$1) -> 34106.863
D93: Latvia | E93: =Population!D87*E58/100 -> 17717.751 | F93: =Population!E87*F58/100 -> 18984.144 | G93: =Population!F87*G58/100 -> 20701.656 | H93: =Population!G87*H58/100 -> 23187.947 | I93: =Population!H87*I58/100 -> 23369.31 | J93: =Population!I87*J58/100 -> 28073.892 | K93: =Population!J87*K58/100 -> 29570.64 | L93: =Population!K87*L58/100 -> 31459.05 | ... V93: =Population!U87*V58/100 -> 37242.877 | W93: =_xlfn.FORECAST.LINEAR(W$1,$E93:V93,$E$1:V$1) -> 40384.005 | X93: =_xlfn.FORECAST.LINEAR(X$1,$E93:W93,$E$1:W$1) -> 41505.732 | Y93: =_xlfn.FORECAST.LINEAR(Y$1,$E93:X93,$E$1:X$1) -> 42627.458 | Z93: =_xlfn.FORECAST.LINEAR(Z$1,$E93:Y93,$E$1:Y$1) -> 43749.184 | AA93: =_xlfn.FORECAST.LINEAR(AA$1,$E93:Z93,$E$1:Z$1) -> 44870.911 | AB93: =_xlfn.FORECAST.LINEAR(AB$1,$E93:AA93,$E$1:AA$1) -> 45992.637 | AC93: =_xlfn.FORECAST.LINEAR(AC$1,$E93:AB93,$E$1:AB$1) -> 47114.363 | AD93: =_xlfn.FORECAST.LINEAR(AD$1,$E93:AC93,$E$1:AC$1) -> 48236.09 | ... AG93: =_xlfn.FORECAST.LINEAR(AG$1,$E93:AF93,$E$1:AF$1) -> 51601.269
D94: Lithuania | E94: =Population!D88*E59/100 -> 19807.748 | F94: =Population!E88*F59/100 -> 28005.044 | G94: =Population!F88*G59/100 -> 33027.632 | H94: =Population!G88*H59/100 -> 34251.186 | I94: =Population!H88*I59/100 -> 39059.112 | J94: =Population!I88*J59/100 -> 40793.676 | K94: =Population!J88*K59/100 -> 40570.32 | L94: =Population!K88*L59/100 -> 44302.224 | ... V94: =Population!U88*V59/100 -> 47419.052 | W94: =_xlfn.FORECAST.LINEAR(W$1,$E94:V94,$E$1:V$1) -> 54484.81 | X94: =_xlfn.FORECAST.LINEAR(X$1,$E94:W94,$E$1:W$1) -> 55814.809 | Y94: =_xlfn.FORECAST.LINEAR(Y$1,$E94:X94,$E$1:X$1) -> 57144.808 | Z94: =_xlfn.FORECAST.LINEAR(Z$1,$E94:Y94,$E$1:Y$1) -> 58474.806 | AA94: =_xlfn.FORECAST.LINEAR(AA$1,$E94:Z94,$E$1:Z$1) -> 59804.805 | AB94: =_xlfn.FORECAST.LINEAR(AB$1,$E94:AA94,$E$1:AA$1) -> 61134.803 | AC94: =_xlfn.FORECAST.LINEAR(AC$1,$E94:AB94,$E$1:AB$1) -> 62464.802 | AD94: =_xlfn.FORECAST.LINEAR(AD$1,$E94:AC94,$E$1:AC$1) -> 63794.801 | ... AG94: =_xlfn.FORECAST.LINEAR(AG$1,$E94:AF94,$E$1:AF$1) -> 67784.796

Sheet Income
A1: Mean Equivalised Income as Purchasing Power Standard per Age and Gender Group 2008-2025 (annual) | D1: 2008 | E1: 2009 | F1: 2010 | G1: 2011 | H1: 2012 | I1: 2013 | J1: 2014 | K1: 2015 | L1: 2016 | M1: 2017 | N1: 2018 | O1: 2019 | P1: 2020 | Q1: 2021 | R1: 2022 | S1: 2023 | T1: 2024 | U1: 2025 | V1: 2026 | W1: 2027 | X1: 2028 | Y1: 2029 | Z1: 2030 | AA1: 2031 | AB1: 2032 | AC1: 2033 | AD1: 2034 | AE1: 2035 | AF1: 2036
A2: Age group | B2: Gender | C2: Country
A3: 25-54 | B3: males | C3: Estonia | D3: 9937 | E3: 10637 | F3: 9883 | G3: 9693 | H3: 10658 | I3: 11815 | J3: 12910 | K3: 14189 | L3: 15671 | M3: 15656 | N3: 16484 | O3: 17598 | P3: 17732 | Q3: 18834 | R3: 21974 | S3: 20043 | T3: 20972 | U3: 21874 | V3: =_xlfn.FORECAST.LINEAR(V$1,$D3:U3,$D$1:U$1) -> 22917.758 | W3: =_xlfn.FORECAST.LINEAR(W$1,$D3:V3,$D$1:V$1) -> 23712.844 | X3: =_xlfn.FORECAST.LINEAR(X$1,$D3:W3,$D$1:W$1) -> 24507.929 | Y3: =_xlfn.FORECAST.LINEAR(Y$1,$D3:X3,$D$1:X$1) -> 25303.015 | Z3: =_xlfn.FORECAST.LINEAR(Z$1,$D3:Y3,$D$1:Y$1) -> 26098.101 | AA3: =_xlfn.FORECAST.LINEAR(AA$1,$D3:Z3,$D$1:Z$1)*AVERAGE($L45:P45) -> 28089.525 | AB3: =_xlfn.FORECAST.LINEAR(AB$1,$D3:AA3,$D$1:AA$1)*AVERAGE($L45:Q45) -> 28976.119 | AC3: =_xlfn.FORECAST.LINEAR(AC$1,$D3:AB3,$D$1:AB$1)*AVERAGE($L45:R45) -> 30372.856 | AD3: =_xlfn.FORECAST.LINEAR(AD$1,$D3:AC3,$D$1:AC$1)*AVERAGE($L45:S45) -> 31131.259 | AE3: =_xlfn.FORECAST.LINEAR(AE$1,$D3:AD3,$D$1:AD$1)*AVERAGE($L45:T45) -> 31958.204 | AF3: =_xlfn.FORECAST.LINEAR(AF$1,$D3:AE3,$D$1:AE$1)*AVERAGE($L45:U45) -> 32826.613
C4: Latvia | D4: 9920 | E4: 9622 | F4: 7783 | G4: 7838 | H4: 8135 | I4: 8808 | J4: 9894 | K4: 11084 | L4: 12420 | M4: 12485 | N4: 13674 | O4: 15012 | P4: 15087 | Q4: 16660 | R4: 17489 | S4: 17764 | T4: 19983 | U4: 23673 | V4: =_xlfn.FORECAST.LINEAR(V$1,$D4:U4,$D$1:U$1) -> 20824.595 | W4: =_xlfn.FORECAST.LINEAR(W$1,$D4:V4,$D$1:V$1) -> 21628.757 | X4: =_xlfn.FORECAST.LINEAR(X$1,$D4:W4,$D$1:W$1) -> 22432.919 | Y4: =_xlfn.FORECAST.LINEAR(Y$1,$D4:X4,$D$1:X$1) -> 23237.081 | Z4: =_xlfn.FORECAST.LINEAR(Z$1,$D4:Y4,$D$1:Y$1) -> 24041.243 | AA4: =_xlfn.FORECAST.LINEAR(AA$1,$D4:Z4,$D$1:Z$1)*AVERAGE($L46:P46) -> 28548.356 | AB4: =_xlfn.FORECAST.LINEAR(AB$1,$D4:AA4,$D$1:AA$1)*AVERAGE($L46:Q46) -> 30015.678 | AC4: =_xlfn.FORECAST.LINEAR(AC$1,$D4:AB4,$D$1:AB$1)*AVERAGE($L46:R46) -> 31451.343 | AD4: =_xlfn.FORECAST.LINEAR(AD$1,$D4:AC4,$D$1:AC$1)*AVERAGE($L46:S46) -> 32755.369 | AE4: =_xlfn.FORECAST.LINEAR(AE$1,$D4:AD4,$D$1:AD$1)*AVERAGE($L46:T46) -> 34347.855 | AF4: =_xlfn.FORECAST.LINEAR(AF$1,$D4:AE4,$D$1:AE$1)*AVERAGE($L46:U46) -> 36378.993
C5: Lithuania | D5: 9331 | E5: 9818 | F5: 7764 | G5: 7530 | H5: 8706 | I5: 9504 | J5: 10463 | K5: 11850 | L5: 13561 | M5: 14608 | N5: 15412 | O5: 15844 | P5: 17565 | Q5: 19806 | R5: 21111 | S5: 20925 | T5: 22128 | U5: 25784 | V5: =_xlfn.FORECAST.LINEAR(V$1,$D5:U5,$D$1:U$1) -> 24145.327 | W5: =_xlfn.FORECAST.LINEAR(W$1,$D5:V5,$D$1:V$1) -> 25156.472 | X5: =_xlfn.FORECAST.LINEAR(X$1,$D5:W5,$D$1:W$1) -> 26167.618 | Y5: =_xlfn.FORECAST.LINEAR(Y$1,$D5:X5,$D$1:X$1) -> 27178.763 | Z5: =_xlfn.FORECAST.LINEAR(Z$1,$D5:Y5,$D$1:Y$1) -> 28189.909 | AA5: =_xlfn.FORECAST.LINEAR(AA$1,$D5:Z5,$D$1:Z$1)*AVERAGE($L47:P47) -> 33335.214 | AB5: =_xlfn.FORECAST.LINEAR(AB$1,$D5:AA5,$D$1:AA$1)*AVERAGE($L47:Q47) -> 35325.564 | AC5: =_xlfn.FORECAST.LINEAR(AC$1,$D5:AB5,$D$1:AB$1)*AVERAGE($L47:R47) -> 37261.373 | AD5: =_xlfn.FORECAST.LINEAR(AD$1,$D5:AC5,$D$1:AC$1)*AVERAGE($L47:S47) -> 38856.933 | AE5: =_xlfn.FORECAST.LINEAR(AE$1,$D5:AD5,$D$1:AD$1)*AVERAGE($L47:T47) -> 40505.806 | AF5: =_xlfn.FORECAST.LINEAR(AF$1,$D5:AE5,$D$1:AE$1)*AVERAGE($L47:U47) -> 42607.942
A6: 25-54 | B6: females | C6: Estonia | D6: 9633 | E6: 10410 | F6: 9539 | G6: 9509 | H6: 10334 | I6: 11388 | J6: 12789 | K6: 14201 | L6: 15542 | M6: 16001 | N6: 17052 | O6: 18058 | P6: 18252 | Q6: 18874 | R6: 22581 | S6: 19760 | T6: 20755 | U6: 21756 | V6: =_xlfn.FORECAST.LINEAR(V$1,$D6:U6,$D$1:U$1) -> 23182.895 | W6: =_xlfn.FORECAST.LINEAR(W$1,$D6:V6,$D$1:V$1) -> 24006.627 | X6: =_xlfn.FORECAST.LINEAR(X$1,$D6:W6,$D$1:W$1) -> 24830.359 | Y6: =_xlfn.FORECAST.LINEAR(Y$1,$D6:X6,$D$1:X$1) -> 25654.09 | Z6: =_xlfn.FORECAST.LINEAR(Z$1,$D6:Y6,$D$1:Y$1) -> 26477.822 | AA6: =_xlfn.FORECAST.LINEAR(AA$1,$D6:Z6,$D$1:Z$1)*AVERAGE($L48:P48) -> 28891.45 | AB6: =_xlfn.FORECAST.LINEAR(AB$1,$D6:AA6,$D$1:AA$1)*AVERAGE($L48:Q48) -> 29697.694 | AC6: =_xlfn.FORECAST.LINEAR(AC$1,$D6:AB6,$D$1:AB$1)*AVERAGE($L48:R48) -> 31163.788 | AD6: =_xlfn.FORECAST.LINEAR(AD$1,$D6:AC6,$D$1:AC$1)*AVERAGE($L48:S48) -> 31820.268 | AE6: =_xlfn.FORECAST.LINEAR(AE$1,$D6:AD6,$D$1:AD$1)*AVERAGE($L48:T48) -> 32583.944 | AF6: =_xlfn.FORECAST.LINEAR(AF$1,$D6:AE6,$D$1:AE$1)*AVERAGE($L48:U48) -> 33420.434
C7: Latvia | D7: 9724 | E7: 9657 | F7: 7811 | G7: 7718 | H7: 7950 | I7: 8435 | J7: 9669 | K7: 10674 | L7: 12275 | M7: 12366 | N7: 13453 | O7: 15024 | P7: 14987 | Q7: 15714 | R7: 16615 | S7: 17076 | T7: 19040 | U7: 22871 | V7: =_xlfn.FORECAST.LINEAR(V$1,$D7:U7,$D$1:U$1) -> 20027.778 | W7: =_xlfn.FORECAST.LINEAR(W$1,$D7:V7,$D$1:V$1) -> 20784.743 | X7: =_xlfn.FORECAST.LINEAR(X$1,$D7:W7,$D$1:W$1) -> 21541.708 | Y7: =_xlfn.FORECAST.LINEAR(Y$1,$D7:X7,$D$1:X$1) -> 22298.673 | Z7: =_xlfn.FORECAST.LINEAR(Z$1,$D7:Y7,$D$1:Y$1) -> 23055.637 | AA7: =_xlfn.FORECAST.LINEAR(AA$1,$D7:Z7,$D$1:Z$1)*AVERAGE($L49:P49) -> 27858.107 | AB7: =_xlfn.FORECAST.LINEAR(AB$1,$D7:AA7,$D$1:AA$1)*AVERAGE($L49:Q49) -> 29071.728 | AC7: =_xlfn.FORECAST.LINEAR(AC$1,$D7:AB7,$D$1:AB$1)*AVERAGE($L49:R49) -> 30351.185 | AD7: =_xlfn.FORECAST.LINEAR(AD$1,$D7:AC7,$D$1:AC$1)*AVERAGE($L49:S49) -> 31578.999 | AE7: =_xlfn.FORECAST.LINEAR(AE$1,$D7:AD7,$D$1:AD$1)*AVERAGE($L49:T49) -> 33059.934 | AF7: =_xlfn.FORECAST.LINEAR(AF$1,$D7:AE7,$D$1:AE$1)*AVERAGE($L49:U49) -> 35024.48
C8: Lithuania | D8: 8908 | E8: 9606 | F8: 7926 | G8: 7630 | H8: 8722 | I8: 9561 | J8: 10322 | K8: 11809 | L8: 12962 | M8: 13386 | N8: 14518 | O8: 15638 | P8: 17013 | Q8: 18631 | R8: 19811 | S8: 19853 | T8: 20598 | U8: 23015 | V8: =_xlfn.FORECAST.LINEAR(V$1,$D8:U8,$D$1:U$1) -> 22415.373 | W8: =_xlfn.FORECAST.LINEAR(W$1,$D8:V8,$D$1:V$1) -> 23313.429 | X8: =_xlfn.FORECAST.LINEAR(X$1,$D8:W8,$D$1:W$1) -> 24211.486 | Y8: =_xlfn.FORECAST.LINEAR(Y$1,$D8:X8,$D$1:X$1) -> 25109.543 | Z8: =_xlfn.FORECAST.LINEAR(Z$1,$D8:Y8,$D$1:Y$1) -> 26007.6 | AA8: =_xlfn.FORECAST.LINEAR(AA$1,$D8:Z8,$D$1:Z$1)*AVERAGE($L50:P50) -> 30150.333 | AB8: =_xlfn.FORECAST.LINEAR(AB$1,$D8:AA8,$D$1:AA$1)*AVERAGE($L50:Q50) -> 31801.169 | AC8: =_xlfn.FORECAST.LINEAR(AC$1,$D8:AB8,$D$1:AB$1)*AVERAGE($L50:R50) -> 33415.528 | AD8: =_xlfn.FORECAST.LINEAR(AD$1,$D8:AC8,$D$1:AC$1)*AVERAGE($L50:S50) -> 34782.19 | AE8: =_xlfn.FORECAST.LINEAR(AE$1,$D8:AD8,$D$1:AD$1)*AVERAGE($L50:T50) -> 36125.625 | AF8: =_xlfn.FORECAST.LINEAR(AF$1,$D8:AE8,$D$1:AE$1)*AVERAGE($L50:U50) -> 37726.405
A9: 55-64 | B9: males | C9: Estonia | D9: 8565 | E9: 9280 | F9: 8556 | G9: 8502 | H9: 8757 | I9: 9482 | J9: 10390 | K9: 12502 | L9: 14168 | M9: 14510 | N9: 15515 | O9: 15942 | P9: 16318 | Q9: 16470 | R9: 19160 | S9: 17404 | T9: 18835 | U9: 19448 | V9: =_xlfn.FORECAST.LINEAR(V$1,$D9:U9,$D$1:U$1) -> 20554.549 | W9: =_xlfn.FORECAST.LINEAR(W$1,$D9:V9,$D$1:V$1) -> 21292.431 | X9: =_xlfn.FORECAST.LINEAR(X$1,$D9:W9,$D$1:W$1) -> 22030.314 | Y9: =_xlfn.FORECAST.LINEAR(Y$1,$D9:X9,$D$1:X$1) -> 22768.196 | Z9: =_xlfn.FORECAST.LINEAR(Z$1,$D9:Y9,$D$1:Y$1) -> 23506.078 | AA9: =_xlfn.FORECAST.LINEAR(AA$1,$D9:Z9,$D$1:Z$1)*AVERAGE($L51:P51) -> 26516.057 | AB9: =_xlfn.FORECAST.LINEAR(AB$1,$D9:AA9,$D$1:AA$1)*AVERAGE($L51:Q51) -> 27186.298 | AC9: =_xlfn.FORECAST.LINEAR(AC$1,$D9:AB9,$D$1:AB$1)*AVERAGE($L51:R51) -> 28358.1 | AD9: =_xlfn.FORECAST.LINEAR(AD$1,$D9:AC9,$D$1:AC$1)*AVERAGE($L51:S51) -> 29001.412 | AE9: =_xlfn.FORECAST.LINEAR(AE$1,$D9:AD9,$D$1:AD$1)*AVERAGE($L51:T51) -> 29831.905 | AF9: =_xlfn.FORECAST.LINEAR(AF$1,$D9:AE9,$D$1:AE$1)*AVERAGE($L51:U51) -> 30667.637
C10: Latvia | D10: 8904 | E10: 8989 | F10: 7353 | G10: 7238 | H10: 7845 | I10: 8126 | J10: 9083 | K10: 9721 | L10: 10936 | M10: 10657 | N10: 11914 | O10: 12441 | P10: 13023 | Q10: 13819 | R10: 15073 | S10: 15012 | T10: 17081 | U10: 20401 | V10: =_xlfn.FORECAST.LINEAR(V$1,$D10:U10,$D$1:U$1) -> 17551.046 | W10: =_xlfn.FORECAST.LINEAR(W$1,$D10:V10,$D$1:V$1) -> 18184.396 | X10: =_xlfn.FORECAST.LINEAR(X$1,$D10:W10,$D$1:W$1) -> 18817.745 | Y10: =_xlfn.FORECAST.LINEAR(Y$1,$D10:X10,$D$1:X$1) -> 19451.095 | Z10: =_xlfn.FORECAST.LINEAR(Z$1,$D10:Y10,$D$1:Y$1) -> 20084.445 | AA10: =_xlfn.FORECAST.LINEAR(AA$1,$D10:Z10,$D$1:Z$1)*AVERAGE($L52:P52) -> 23338.016 | AB10: =_xlfn.FORECAST.LINEAR(AB$1,$D10:AA10,$D$1:AA$1)*AVERAGE($L52:Q52) -> 24397.981 | AC10: =_xlfn.FORECAST.LINEAR(AC$1,$D10:AB10,$D$1:AB$1)*AVERAGE($L52:R52) -> 25603.309 | AD10: =_xlfn.FORECAST.LINEAR(AD$1,$D10:AC10,$D$1:AC$1)*AVERAGE($L52:S52) -> 26619.025 | AE10: =_xlfn.FORECAST.LINEAR(AE$1,$D10:AD10,$D$1:AD$1)*AVERAGE($L52:T52) -> 27914.361 | AF10: =_xlfn.FORECAST.LINEAR(AF$1,$D10:AE10,$D$1:AE$1)*AVERAGE($L52:U52) -> 29596.568
C11: Lithuania | D11: 8228 | E11: 9040 | F11: 8069 | G11: 7725 | H11: 8755 | I11: 9528 | J11: 9959 | K11: 10544 | L11: 12023 | M11: 12571 | N11: 13717 | O11: 15135 | P11: 16424 | Q11: 17659 | R11: 16901 | S11: 17825 | T11: 16485 | U11: 16426 | V11: =_xlfn.FORECAST.LINEAR(V$1,$D11:U11,$D$1:U$1) -> 18917.379 | W11: =_xlfn.FORECAST.LINEAR(W$1,$D11:V11,$D$1:V$1) -> 19581.115 | X11: =_xlfn.FORECAST.LINEAR(X$1,$D11:W11,$D$1:W$1) -> 20244.851 | Y11: =_xlfn.FORECAST.LINEAR(Y$1,$D11:X11,$D$1:X$1) -> 20908.587 | Z11: =_xlfn.FORECAST.LINEAR(Z$1,$D11:Y11,$D$1:Y$1) -> 21572.322 | AA11: =_xlfn.FORECAST.LINEAR(AA$1,$D11:Z11,$D$1:Z$1)*AVERAGE($L53:P53) -> 25110.204 | AB11: =_xlfn.FORECAST.LINEAR(AB$1,$D11:AA11,$D$1:AA$1)*AVERAGE($L53:Q53) -> 26387.852 | AC11: =_xlfn.FORECAST.LINEAR(AC$1,$D11:AB11,$D$1:AB$1)*AVERAGE($L53:R53) -> 27255.202 | AD11: =_xlfn.FORECAST.LINEAR(AD$1,$D11:AC11,$D$1:AC$1)*AVERAGE($L53:S53) -> 28192.342 | AE11: =_xlfn.FORECAST.LINEAR(AE$1,$D11:AD11,$D$1:AD$1)*AVERAGE($L53:T53) -> 28808.912 | AF11: =_xlfn.FORECAST.LINEAR(AF$1,$D11:AE11,$D$1:AE$1)*AVERAGE($L53:U53) -> 29386.97
A12: 55-64 | B12: females | C12: Estonia | D12: 8117 | E12: 9469 | F12: 8933 | G12: 8923 | H12: 8693 | I12: 9291 | J12: 10564 | K12: 12678 | L12: 13889 | M12: 14427 | N12: 15151 | O12: 15596 | P12: 16038 | Q12: 16761 | R12: 19654 | S12: 17998 | T12: 19300 | U12: 20732 | V12: =_xlfn.FORECAST.LINEAR(V$1,$D12:U12,$D$1:U$1) -> 21038.987 | W12: =_xlfn.FORECAST.LINEAR(W$1,$D12:V12,$D$1:V$1) -> 21813.769 | X12: =_xlfn.FORECAST.LINEAR(X$1,$D12:W12,$D$1:W$1) -> 22588.551 | Y12: =_xlfn.FORECAST.LINEAR(Y$1,$D12:X12,$D$1:X$1) -> 23363.334 | Z12: =_xlfn.FORECAST.LINEAR(Z$1,$D12:Y12,$D$1:Y$1) -> 24138.116 | AA12: =_xlfn.FORECAST.LINEAR(AA$1,$D12:Z12,$D$1:Z$1)*AVERAGE($L54:P54) -> 26811.675 | AB12: =_xlfn.FORECAST.LINEAR(AB$1,$D12:AA12,$D$1:AA$1)*AVERAGE($L54:Q54) -> 27645.092 | AC12: =_xlfn.FORECAST.LINEAR(AC$1,$D12:AB12,$D$1:AB$1)*AVERAGE($L54:R54) -> 28994.224 | AD12: =_xlfn.FORECAST.LINEAR(AD$1,$D12:AC12,$D$1:AC$1)*AVERAGE($L54:S54) -> 29773.839 | AE12: =_xlfn.FORECAST.LINEAR(AE$1,$D12:AD12,$D$1:AD$1)*AVERAGE($L54:T54) -> 30695.797 | AF12: =_xlfn.FORECAST.LINEAR(AF$1,$D12:AE12,$D$1:AE$1)*AVERAGE($L54:U54) -> 31732.472
C13: Latvia | D13: 8038 | E13: 8277 | F13: 7300 | G13: 7417 | H13: 7703 | I13: 8121 | J13: 9120 | K13: 9851 | L13: 10640 | M13: 10692 | N13: 11315 | O13: 12118 | P13: 12605 | Q13: 13521 | R13: 13866 | S13: 14319 | T13: 16161 | U13: 19059 | V13: =_xlfn.FORECAST.LINEAR(V$1,$D13:U13,$D$1:U$1) -> 16715.856 | W13: =_xlfn.FORECAST.LINEAR(W$1,$D13:V13,$D$1:V$1) -> 17305.11 | X13: =_xlfn.FORECAST.LINEAR(X$1,$D13:W13,$D$1:W$1) -> 17894.364 | Y13: =_xlfn.FORECAST.LINEAR(Y$1,$D13:X13,$D$1:X$1) -> 18483.618 | Z13: =_xlfn.FORECAST.LINEAR(Z$1,$D13:Y13,$D$1:Y$1) -> 19072.872 | AA13: =_xlfn.FORECAST.LINEAR(AA$1,$D13:Z13,$D$1:Z$1)*AVERAGE($L55:P55) -> 21217.46 | AB13: =_xlfn.FORECAST.LINEAR(AB$1,$D13:AA13,$D$1:AA$1)*AVERAGE($L55:Q55) -> 22124.988 | AC13: =_xlfn.FORECAST.LINEAR(AC$1,$D13:AB13,$D$1:AB$1)*AVERAGE($L55:R55) -> 22952.18 | AD13: =_xlfn.FORECAST.LINEAR(AD$1,$D13:AC13,$D$1:AC$1)*AVERAGE($L55:S55) -> 23757.242 | AE13: =_xlfn.FORECAST.LINEAR(AE$1,$D13:AD13,$D$1:AD$1)*AVERAGE($L55:T55) -> 24795.664 | AF13: =_xlfn.FORECAST.LINEAR(AF$1,$D13:AE13,$D$1:AE$1)*AVERAGE($L55:U55) -> 26147.955
C14: Lithuania | D14: 8332 | E14: 8723 | F14: 7820 | G14: 7244 | H14: 7915 | I14: 8619 | J14: 9687 | K14: 10270 | L14: 12403 | M14: 12569 | N14: 13043 | O14: 14588 | P14: 14994 | Q14: 17207 | R14: 17250 | S14: 17181 | T14: 17708 | U14: 18585 | V14: =_xlfn.FORECAST.LINEAR(V$1,$D14:U14,$D$1:U$1) -> 19335.229 | W14: =_xlfn.FORECAST.LINEAR(W$1,$D14:V14,$D$1:V$1) -> 20059.767 | X14: =_xlfn.FORECAST.LINEAR(X$1,$D14:W14,$D$1:W$1) -> 20784.306 | Y14: =_xlfn.FORECAST.LINEAR(Y$1,$D14:X14,$D$1:X$1) -> 21508.845 | Z14: =_xlfn.FORECAST.LINEAR(Z$1,$D14:Y14,$D$1:Y$1) -> 22233.384 | AA14: =_xlfn.FORECAST.LINEAR(AA$1,$D14:Z14,$D$1:Z$1)*AVERAGE($L56:P56) -> 25991.396 | AB14: =_xlfn.FORECAST.LINEAR(AB$1,$D14:AA14,$D$1:AA$1)*AVERAGE($L56:Q56) -> 27453.973 | AC14: =_xlfn.FORECAST.LINEAR(AC$1,$D14:AB14,$D$1:AB$1)*AVERAGE($L56:R56) -> 28636.443 | AD14: =_xlfn.FORECAST.LINEAR(AD$1,$D14:AC14,$D$1:AC$1)*AVERAGE($L56:S56) -> 29643.541 | AE14: =_xlfn.FORECAST.LINEAR(AE$1,$D14:AD14,$D$1:AD$1)*AVERAGE($L56:T56) -> 30642.576 | AF14: =_xlfn.FORECAST.LINEAR(AF$1,$D14:AE14,$D$1:AE$1)*AVERAGE($L56:U56) -> 31690.822
A15: 60+ | B15: males | C15: Estonia | D15: 7176 | E15: 8012 | F15: 7849 | G15: 7938 | H15: 8068 | I15: 8611 | J15: 9185 | K15: 10421 | L15: 11533 | M15: 11916 | N15: 12282 | O15: 13087 | P15: 13592 | Q15: 13930 | R15: 15478 | S15: 14138 | T15: 16086 | U15: 17039 | V15: =_xlfn.FORECAST.LINEAR(V$1,$D15:U15,$D$1:U$1) -> 17018.085 | W15: =_xlfn.FORECAST.LINEAR(W$1,$D15:V15,$D$1:V$1) -> 17602.79 | X15: =_xlfn.FORECAST.LINEAR(X$1,$D15:W15,$D$1:W$1) -> 18187.495 | Y15: =_xlfn.FORECAST.LINEAR(Y$1,$D15:X15,$D$1:X$1) -> 18772.2 | Z15: =_xlfn.FORECAST.LINEAR(Z$1,$D15:Y15,$D$1:Y$1) -> 19356.904 | AA15: =_xlfn.FORECAST.LINEAR(AA$1,$D15:Z15,$D$1:Z$1)*AVERAGE($L57:P57) -> 21227.929 | AB15: =_xlfn.FORECAST.LINEAR(AB$1,$D15:AA15,$D$1:AA$1)*AVERAGE($L57:Q57) -> 21860.97 | AC15: =_xlfn.FORECAST.LINEAR(AC$1,$D15:AB15,$D$1:AB$1)*AVERAGE($L57:R57) -> 22726.366 | AD15: =_xlfn.FORECAST.LINEAR(AD$1,$D15:AC15,$D$1:AC$1)*AVERAGE($L57:S57) -> 23195.325 | AE15: =_xlfn.FORECAST.LINEAR(AE$1,$D15:AD15,$D$1:AD$1)*AVERAGE($L57:T57) -> 23952.22 | AF15: =_xlfn.FORECAST.LINEAR(AF$1,$D15:AE15,$D$1:AE$1)*AVERAGE($L57:U57) -> 24753.28
C16: Latvia | D16: 6949 | E16: 7240 | F16: 6438 | G16: 7146 | H16: 7253 | I16: 7504 | J16: 8303 | K16: 8559 | L16: 9311 | M16: 9530 | N16: 10369 | O16: 10623 | P16: 11198 | Q16: 12355 | R16: 13506 | S16: 13371 | T16: 14605 | U16: 17392 | V16: =_xlfn.FORECAST.LINEAR(V$1,$D16:U16,$D$1:U$1) -> 15357.66 | W16: =_xlfn.FORECAST.LINEAR(W$1,$D16:V16,$D$1:V$1) -> 15911.964 | X16: =_xlfn.FORECAST.LINEAR(X$1,$D16:W16,$D$1:W$1) -> 16466.267 | Y16: =_xlfn.FORECAST.LINEAR(Y$1,$D16:X16,$D$1:X$1) -> 17020.57 | Z16: =_xlfn.FORECAST.LINEAR(Z$1,$D16:Y16,$D$1:Y$1) -> 17574.874 | AA16: =_xlfn.FORECAST.LINEAR(AA$1,$D16:Z16,$D$1:Z$1)*AVERAGE($L58:P58) -> 19303.001 | AB16: =_xlfn.FORECAST.LINEAR(AB$1,$D16:AA16,$D$1:AA$1)*AVERAGE($L58:Q58) -> 20221.038 | AC16: =_xlfn.FORECAST.LINEAR(AC$1,$D16:AB16,$D$1:AB$1)*AVERAGE($L58:R58) -> 21231.36 | AD16: =_xlfn.FORECAST.LINEAR(AD$1,$D16:AC16,$D$1:AC$1)*AVERAGE($L58:S58) -> 22034.464 | AE16: =_xlfn.FORECAST.LINEAR(AE$1,$D16:AD16,$D$1:AD$1)*AVERAGE($L58:T58) -> 22957.11 | AF16: =_xlfn.FORECAST.LINEAR(AF$1,$D16:AE16,$D$1:AE$1)*AVERAGE($L58:U58) -> 24200.806
C17: Lithuania | D17: 7289 | E17: 8169 | F17: 7669 | G17: 7064 | H17: 7504 | I17: 8085 | J17: 8475 | K17: 9246 | L17: 10666 | M17: 11170 | N17: 11533 | O17: 13040 | P17: 13589 | Q17: 14985 | R17: 14989 | S17: 14889 | T17: 14915 | U17: 15425 | V17: =_xlfn.FORECAST.LINEAR(V$1,$D17:U17,$D$1:U$1) -> 16495.706 | W17: =_xlfn.FORECAST.LINEAR(W$1,$D17:V17,$D$1:V$1) -> 17070.096 | X17: =_xlfn.FORECAST.LINEAR(X$1,$D17:W17,$D$1:W$1) -> 17644.486 | Y17: =_xlfn.FORECAST.LINEAR(Y$1,$D17:X17,$D$1:X$1) -> 18218.876 | Z17: =_xlfn.FORECAST.LINEAR(Z$1,$D17:Y17,$D$1:Y$1) -> 18793.266 | AA17: =_xlfn.FORECAST.LINEAR(AA$1,$D17:Z17,$D$1:Z$1)*AVERAGE($L59:P59) -> 21918.445 | AB17: =_xlfn.FORECAST.LINEAR(AB$1,$D17:AA17,$D$1:AA$1)*AVERAGE($L59:Q59) -> 23048.008 | AC17: =_xlfn.FORECAST.LINEAR(AC$1,$D17:AB17,$D$1:AB$1)*AVERAGE($L59:R59) -> 23962.024 | AD17: =_xlfn.FORECAST.LINEAR(AD$1,$D17:AC17,$D$1:AC$1)*AVERAGE($L59:S59) -> 24737.154 | AE17: =_xlfn.FORECAST.LINEAR(AE$1,$D17:AD17,$D$1:AD$1)*AVERAGE($L59:T59) -> 25444.397 | AF17: =_xlfn.FORECAST.LINEAR(AF$1,$D17:AE17,$D$1:AE$1)*AVERAGE($L59:U59) -> 26176.981
A18: 60+ | B18: females | C18: Estonia | D18: 6109 | E18: 6960 | F18: 6911 | G18: 7117 | H18: 7221 | I18: 7645 | J18: 8008 | K18: 9131 | L18: 10114 | M18: 10603 | N18: 11049 | O18: 11779 | P18: 12113 | Q18: 12453 | R18: 13896 | S18: 12795 | T18: 14214 | U18: 15454 | V18: =_xlfn.FORECAST.LINEAR(V$1,$D18:U18,$D$1:U$1) -> 15318.033 | W18: =_xlfn.FORECAST.LINEAR(W$1,$D18:V18,$D$1:V$1) -> 15856.937 | X18: =_xlfn.FORECAST.LINEAR(X$1,$D18:W18,$D$1:W$1) -> 16395.841 | Y18: =_xlfn.FORECAST.LINEAR(Y$1,$D18:X18,$D$1:X$1) -> 16934.745 | Z18: =_xlfn.FORECAST.LINEAR(Z$1,$D18:Y18,$D$1:Y$1) -> 17473.649 | AA18: =_xlfn.FORECAST.LINEAR(AA$1,$D18:Z18,$D$1:Z$1)*AVERAGE($L60:P60) -> 19225.885 | AB18: =_xlfn.FORECAST.LINEAR(AB$1,$D18:AA18,$D$1:AA$1)*AVERAGE($L60:Q60) -> 19805.011 | AC18: =_xlfn.FORECAST.LINEAR(AC$1,$D18:AB18,$D$1:AB$1)*AVERAGE($L60:R60) -> 20605.954 | AD18: =_xlfn.FORECAST.LINEAR(AD$1,$D18:AC18,$D$1:AC$1)*AVERAGE($L60:S60) -> 21063.143 | AE18: =_xlfn.FORECAST.LINEAR(AE$1,$D18:AD18,$D$1:AD$1)*AVERAGE($L60:T60) -> 21719.418 | AF18: =_xlfn.FORECAST.LINEAR(AF$1,$D18:AE18,$D$1:AE$1)*AVERAGE($L60:U60) -> 22481.328
C19: Latvia | D19: 6097 | E19: 6455 | F19: 6090 | G19: 6465 | H19: 6278 | I19: 6621 | J19: 7235 | K19: 7414 | L19: 8326 | M19: 8306 | N19: 8637 | O19: 9361 | P19: 9842 | Q19: 10419 | R19: 11145 | S19: 11473 | T19: 12800 | U19: 15108 | V19: =_xlfn.FORECAST.LINEAR(V$1,$D19:U19,$D$1:U$1) -> 13133.895 | W19: =_xlfn.FORECAST.LINEAR(W$1,$D19:V19,$D$1:V$1) -> 13592.013 | X19: =_xlfn.FORECAST.LINEAR(X$1,$D19:W19,$D$1:W$1) -> 14050.131 | Y19: =_xlfn.FORECAST.LINEAR(Y$1,$D19:X19,$D$1:X$1) -> 14508.248 | Z19: =_xlfn.FORECAST.LINEAR(Z$1,$D19:Y19,$D$1:Y$1) -> 14966.366 | AA19: =_xlfn.FORECAST.LINEAR(AA$1,$D19:Z19,$D$1:Z$1)*AVERAGE($L61:P61) -> 16525.407 | AB19: =_xlfn.FORECAST.LINEAR(AB$1,$D19:AA19,$D$1:AA$1)*AVERAGE($L61:Q61) -> 17224.118 | AC19: =_xlfn.FORECAST.LINEAR(AC$1,$D19:AB19,$D$1:AB$1)*AVERAGE($L61:R61) -> 17971.658 | AD19: =_xlfn.FORECAST.LINEAR(AD$1,$D19:AC19,$D$1:AC$1)*AVERAGE($L61:S61) -> 18667.382 | AE19: =_xlfn.FORECAST.LINEAR(AE$1,$D19:AD19,$D$1:AD$1)*AVERAGE($L61:T61) -> 19510.309 | AF19: =_xlfn.FORECAST.LINEAR(AF$1,$D19:AE19,$D$1:AE$1)*AVERAGE($L61:U61) -> 20599.718
C20: Lithuania | D20: 6373 | E20: 6977 | F20: 6749 | G20: 6318 | H20: 6484 | I20: 7242 | J20: 7671 | K20: 8096 | L20: 9165 | M20: 9359 | N20: 9744 | O20: 10618 | P20: 11279 | Q20: 12246 | R20: 12475 | S20: 12632 | T20: 13577 | U20: 14564 | V20: =_xlfn.FORECAST.LINEAR(V$1,$D20:U20,$D$1:U$1) -> 14261.444 | W20: =_xlfn.FORECAST.LINEAR(W$1,$D20:V20,$D$1:V$1) -> 14759.322 | X20: =_xlfn.FORECAST.LINEAR(X$1,$D20:W20,$D$1:W$1) -> 15257.199 | Y20: =_xlfn.FORECAST.LINEAR(Y$1,$D20:X20,$D$1:X$1) -> 15755.076 | Z20: =_xlfn.FORECAST.LINEAR(Z$1,$D20:Y20,$D$1:Y$1) -> 16252.953 | AA20: =_xlfn.FORECAST.LINEAR(AA$1,$D20:Z20,$D$1:Z$1)*AVERAGE($L62:P62) -> 18321.355 | AB20: =_xlfn.FORECAST.LINEAR(AB$1,$D20:AA20,$D$1:AA$1)*AVERAGE($L62:Q62) -> 19196.599 | AC20: =_xlfn.FORECAST.LINEAR(AC$1,$D20:AB20,$D$1:AB$1)*AVERAGE($L62:R62) -> 19953.622 | AD20: =_xlfn.FORECAST.LINEAR(AD$1,$D20:AC20,$D$1:AC$1)*AVERAGE($L62:S62) -> 20632.649 | AE20: =_xlfn.FORECAST.LINEAR(AE$1,$D20:AD20,$D$1:AD$1)*AVERAGE($L62:T62) -> 21398.165 | AF20: =_xlfn.FORECAST.LINEAR(AF$1,$D20:AE20,$D$1:AE$1)*AVERAGE($L62:U62) -> 22227.671
A21: The overlapbetween the categories 55-64 and 60+ is due to limited data availability, and, subsequently, tolerated.
A23: Forecast 5 year ahead
A24: 25-54 | B24: males | C24: Estonia | D24: - | E24: - | F24: - | G24: - | H24: - | I24: - | J24: - | K24: - | L24: =_xlfn.FORECAST.LINEAR(L$1,$D3:K3,$D$1:K$1) -> 13780.786 | M24: =_xlfn.FORECAST.LINEAR(M$1,$D3:L3,$D$1:L$1) -> 15191 | N24: =_xlfn.FORECAST.LINEAR(N$1,$D3:M3,$D$1:M$1) -> 16073.133 | O24: =_xlfn.FORECAST.LINEAR(O$1,$D3:N3,$D$1:N$1) -> 16944.036 | P24: =_xlfn.FORECAST.LINEAR(P$1,$D3:O3,$D$1:O$1) -> 17902.197 | Q24: =_xlfn.FORECAST.LINEAR(Q$1,$D3:P3,$D$1:P$1) -> 18615.154 | R24: =_xlfn.FORECAST.LINEAR(R$1,$D3:Q3,$D$1:Q$1) -> 19437.396 | S24: =_xlfn.FORECAST.LINEAR(S$1,$D3:R3,$D$1:R$1) -> 20879.79 | ... U24: =_xlfn.FORECAST.LINEAR(U$1,$D3:T3,$D$1:T$1) -> 22186.669 | V24: - | W24: - | X24: - | Y24: - | Z24: - | AA24: - | AB24: - | AC24: - | AD24: - | AE24: - | AF24: -
C25: Latvia | D25: - | E25: - | F25: - | G25: - | H25: - | I25: - | J25: - | K25: - | L25: =_xlfn.FORECAST.LINEAR(L$1,$D4:K4,$D$1:K$1) -> 9825.5 | M25: =_xlfn.FORECAST.LINEAR(M$1,$D4:L4,$D$1:L$1) -> 11131.944 | N25: =_xlfn.FORECAST.LINEAR(N$1,$D4:M4,$D$1:M$1) -> 11999.467 | O25: =_xlfn.FORECAST.LINEAR(O$1,$D4:N4,$D$1:N$1) -> 13008.491 | P25: =_xlfn.FORECAST.LINEAR(P$1,$D4:O4,$D$1:O$1) -> 14152.545 | Q25: =_xlfn.FORECAST.LINEAR(Q$1,$D4:P4,$D$1:P$1) -> 14993.346 | R25: =_xlfn.FORECAST.LINEAR(R$1,$D4:Q4,$D$1:Q$1) -> 16053.615 | S25: =_xlfn.FORECAST.LINEAR(S$1,$D4:R4,$D$1:R$1) -> 17068.086 | ... U25: =_xlfn.FORECAST.LINEAR(U$1,$D4:T4,$D$1:T$1) -> 19080.434 | V25: - | W25: - | X25: - | Y25: - | Z25: - | AA25: - | AB25: - | AC25: - | AD25: - | AE25: - | AF25: -
C26: Lithuania | D26: - | E26: - | F26: - | G26: - | H26: - | I26: - | J26: - | K26: - | L26: =_xlfn.FORECAST.LINEAR(L$1,$D5:K5,$D$1:K$1) -> 10830.786 | M26: =_xlfn.FORECAST.LINEAR(M$1,$D5:L5,$D$1:L$1) -> 12368.667 | N26: =_xlfn.FORECAST.LINEAR(N$1,$D5:M5,$D$1:M$1) -> 13770.867 | O26: =_xlfn.FORECAST.LINEAR(O$1,$D5:N5,$D$1:N$1) -> 14996.255 | P26: =_xlfn.FORECAST.LINEAR(P$1,$D5:O5,$D$1:O$1) -> 15982.045 | Q26: =_xlfn.FORECAST.LINEAR(Q$1,$D5:P5,$D$1:P$1) -> 17204.923 | R26: =_xlfn.FORECAST.LINEAR(R$1,$D5:Q5,$D$1:Q$1) -> 18736.088 | S26: =_xlfn.FORECAST.LINEAR(S$1,$D5:R5,$D$1:R$1) -> 20231.714 | ... U26: =_xlfn.FORECAST.LINEAR(U$1,$D5:T5,$D$1:T$1) -> 22452.243 | V26: - | W26: - | X26: - | Y26: - | Z26: - | AA26: - | AB26: - | AC26: - | AD26: - | AE26: - | AF26: -
A27: 25-54 | B27: females | C27: Estonia | D27: - | E27: - | F27: - | G27: - | H27: - | I27: - | J27: - | K27: - | L27: =_xlfn.FORECAST.LINEAR(L$1,$D6:K6,$D$1:K$1) -> 13666.964 | M27: =_xlfn.FORECAST.LINEAR(M$1,$D6:L6,$D$1:L$1) -> 15098.444 | N27: =_xlfn.FORECAST.LINEAR(N$1,$D6:M6,$D$1:M$1) -> 16182.6 | O27: =_xlfn.FORECAST.LINEAR(O$1,$D6:N6,$D$1:N$1) -> 17271.109 | P27: =_xlfn.FORECAST.LINEAR(P$1,$D6:O6,$D$1:O$1) -> 18345.288 | Q27: =_xlfn.FORECAST.LINEAR(Q$1,$D6:P6,$D$1:P$1) -> 19158.731 | R27: =_xlfn.FORECAST.LINEAR(R$1,$D6:Q6,$D$1:Q$1) -> 19916.451 | S27: =_xlfn.FORECAST.LINEAR(S$1,$D6:R6,$D$1:R$1) -> 21457.933 | ... U27: =_xlfn.FORECAST.LINEAR(U$1,$D6:T6,$D$1:T$1) -> 22514.39 | V27: - | W27: - | X27: - | Y27: - | Z27: - | AA27: - | AB27: - | AC27: - | AD27: - | AE27: - | AF27: -
C28: Latvia | D28: - | E28: - | F28: - | G28: - | H28: - | I28: - | J28: - | K28: - | L28: =_xlfn.FORECAST.LINEAR(L$1,$D7:K7,$D$1:K$1) -> 9426.9286 | M28: =_xlfn.FORECAST.LINEAR(M$1,$D7:L7,$D$1:L$1) -> 10797.667 | N28: =_xlfn.FORECAST.LINEAR(N$1,$D7:M7,$D$1:M$1) -> 11719.8 | O28: =_xlfn.FORECAST.LINEAR(O$1,$D7:N7,$D$1:N$1) -> 12730.4 | P28: =_xlfn.FORECAST.LINEAR(P$1,$D7:O7,$D$1:O$1) -> 13954.061 | Q28: =_xlfn.FORECAST.LINEAR(Q$1,$D7:P7,$D$1:P$1) -> 14819.231 | R28: =_xlfn.FORECAST.LINEAR(R$1,$D7:Q7,$D$1:Q$1) -> 15656.275 | S28: =_xlfn.FORECAST.LINEAR(S$1,$D7:R7,$D$1:R$1) -> 16518.895 | ... U28: =_xlfn.FORECAST.LINEAR(U$1,$D7:T7,$D$1:T$1) -> 18344.294 | V28: - | W28: - | X28: - | Y28: - | Z28: - | AA28: - | AB28: - | AC28: - | AD28: - | AE28: - | AF28: -
C29: Lithuania | D29: - | E29: - | F29: - | G29: - | H29: - | I29: - | J29: - | K29: - | L29: =_xlfn.FORECAST.LINEAR(L$1,$D8:K8,$D$1:K$1) -> 10911.429 | M29: =_xlfn.FORECAST.LINEAR(M$1,$D8:L8,$D$1:L$1) -> 12178.556 | N29: =_xlfn.FORECAST.LINEAR(N$1,$D8:M8,$D$1:M$1) -> 13154 | O29: =_xlfn.FORECAST.LINEAR(O$1,$D8:N8,$D$1:N$1) -> 14208.327 | P29: =_xlfn.FORECAST.LINEAR(P$1,$D8:O8,$D$1:O$1) -> 15305.212 | Q29: =_xlfn.FORECAST.LINEAR(Q$1,$D8:P8,$D$1:P$1) -> 16506 | R29: =_xlfn.FORECAST.LINEAR(R$1,$D8:Q8,$D$1:Q$1) -> 17844.758 | S29: =_xlfn.FORECAST.LINEAR(S$1,$D8:R8,$D$1:R$1) -> 19161.419 | ... U29: =_xlfn.FORECAST.LINEAR(U$1,$D8:T8,$D$1:T$1) -> 21131.882 | V29: - | W29: - | X29: - | Y29: - | Z29: - | AA29: - | AB29: - | AC29: - | AD29: - | AE29: - | AF29: -
A30: 55-64 | B30: males | C30: Estonia | D30: - | E30: - | F30: - | G30: - | H30: - | I30: - | J30: - | K30: - | L30: =_xlfn.FORECAST.LINEAR(L$1,$D9:K9,$D$1:K$1) -> 11440.429 | M30: =_xlfn.FORECAST.LINEAR(M$1,$D9:L9,$D$1:L$1) -> 13082.944 | N30: =_xlfn.FORECAST.LINEAR(N$1,$D9:M9,$D$1:M$1) -> 14265.867 | O30: =_xlfn.FORECAST.LINEAR(O$1,$D9:N9,$D$1:N$1) -> 15410.036 | P30: =_xlfn.FORECAST.LINEAR(P$1,$D9:O9,$D$1:O$1) -> 16334.076 | Q30: =_xlfn.FORECAST.LINEAR(Q$1,$D9:P9,$D$1:P$1) -> 17096.308 | R30: =_xlfn.FORECAST.LINEAR(R$1,$D9:Q9,$D$1:Q$1) -> 17684.011 | S30: =_xlfn.FORECAST.LINEAR(S$1,$D9:R9,$D$1:R$1) -> 18826.362 | ... U30: =_xlfn.FORECAST.LINEAR(U$1,$D9:T9,$D$1:T$1) -> 19911.544 | V30: - | W30: - | X30: - | Y30: - | Z30: - | AA30: - | AB30: - | AC30: - | AD30: - | AE30: - | AF30: -
C31: Latvia | D31: - | E31: - | F31: - | G31: - | H31: - | I31: - | J31: - | K31: - | L31: =_xlfn.FORECAST.LINEAR(L$1,$D10:K10,$D$1:K$1) -> 8895.6786 | M31: =_xlfn.FORECAST.LINEAR(M$1,$D10:L10,$D$1:L$1) -> 9911 | N31: =_xlfn.FORECAST.LINEAR(N$1,$D10:M10,$D$1:M$1) -> 10453.933 | O31: =_xlfn.FORECAST.LINEAR(O$1,$D10:N10,$D$1:N$1) -> 11270.091 | P31: =_xlfn.FORECAST.LINEAR(P$1,$D10:O10,$D$1:O$1) -> 12011.985 | Q31: =_xlfn.FORECAST.LINEAR(Q$1,$D10:P10,$D$1:P$1) -> 12719.692 | R31: =_xlfn.FORECAST.LINEAR(R$1,$D10:Q10,$D$1:Q$1) -> 13463.736 | S31: =_xlfn.FORECAST.LINEAR(S$1,$D10:R10,$D$1:R$1) -> 14354.238 | ... U31: =_xlfn.FORECAST.LINEAR(U$1,$D10:T10,$D$1:T$1) -> 16021.257 | V31: - | W31: - | X31: - | Y31: - | Z31: - | AA31: - | AB31: - | AC31: - | AD31: - | AE31: - | AF31: -
C32: Lithuania | D32: - | E32: - | F32: - | G32: - | H32: - | I32: - | J32: - | K32: - | L32: =_xlfn.FORECAST.LINEAR(L$1,$D11:K11,$D$1:K$1) -> 10385.321 | M32: =_xlfn.FORECAST.LINEAR(M$1,$D11:L11,$D$1:L$1) -> 11425.25 | N32: =_xlfn.FORECAST.LINEAR(N$1,$D11:M11,$D$1:M$1) -> 12304.8 | O32: =_xlfn.FORECAST.LINEAR(O$1,$D11:N11,$D$1:N$1) -> 13302.073 | P32: =_xlfn.FORECAST.LINEAR(P$1,$D11:O11,$D$1:O$1) -> 14460.985 | Q32: =_xlfn.FORECAST.LINEAR(Q$1,$D11:P11,$D$1:P$1) -> 15683.423 | R32: =_xlfn.FORECAST.LINEAR(R$1,$D11:Q11,$D$1:Q$1) -> 16931.022 | S32: =_xlfn.FORECAST.LINEAR(S$1,$D11:R11,$D$1:R$1) -> 17662.61 | ... U32: =_xlfn.FORECAST.LINEAR(U$1,$D11:T11,$D$1:T$1) -> 18723.993 | V32: - | W32: - | X32: - | Y32: - | Z32: - | AA32: - | AB32: - | AC32: - | AD32: - | AE32: - | AF32: -
A33: 55-64 | B33: females | C33: Estonia | D33: - | E33: - | F33: - | G33: - | H33: - | I33: - | J33: - | K33: - | L33: =_xlfn.FORECAST.LINEAR(L$1,$D12:K12,$D$1:K$1) -> 11632.393 | M33: =_xlfn.FORECAST.LINEAR(M$1,$D12:L12,$D$1:L$1) -> 13090.639 | N33: =_xlfn.FORECAST.LINEAR(N$1,$D12:M12,$D$1:M$1) -> 14230.933 | O33: =_xlfn.FORECAST.LINEAR(O$1,$D12:N12,$D$1:N$1) -> 15244.145 | P33: =_xlfn.FORECAST.LINEAR(P$1,$D12:O12,$D$1:O$1) -> 16081.894 | Q33: =_xlfn.FORECAST.LINEAR(Q$1,$D12:P12,$D$1:P$1) -> 16802.385 | R33: =_xlfn.FORECAST.LINEAR(R$1,$D12:Q12,$D$1:Q$1) -> 17523.11 | S33: =_xlfn.FORECAST.LINEAR(S$1,$D12:R12,$D$1:R$1) -> 18822.714 | ... U33: =_xlfn.FORECAST.LINEAR(U$1,$D12:T12,$D$1:T$1) -> 20143.816 | V33: - | W33: - | X33: - | Y33: - | Z33: - | AA33: - | AB33: - | AC33: - | AD33: - | AE33: - | AF33: -
C34: Latvia | D34: - | E34: - | F34: - | G34: - | H34: - | I34: - | J34: - | K34: - | L34: =_xlfn.FORECAST.LINEAR(L$1,$D13:K13,$D$1:K$1) -> 9281.3214 | M34: =_xlfn.FORECAST.LINEAR(M$1,$D13:L13,$D$1:L$1) -> 10119.167 | N34: =_xlfn.FORECAST.LINEAR(N$1,$D13:M13,$D$1:M$1) -> 10672.867 | O34: =_xlfn.FORECAST.LINEAR(O$1,$D13:N13,$D$1:N$1) -> 11262.182 | P34: =_xlfn.FORECAST.LINEAR(P$1,$D13:O13,$D$1:O$1) -> 11932.455 | Q34: =_xlfn.FORECAST.LINEAR(Q$1,$D13:P13,$D$1:P$1) -> 12557.308 | R34: =_xlfn.FORECAST.LINEAR(R$1,$D13:Q13,$D$1:Q$1) -> 13272.736 | S34: =_xlfn.FORECAST.LINEAR(S$1,$D13:R13,$D$1:R$1) -> 13898.562 | ... U34: =_xlfn.FORECAST.LINEAR(U$1,$D13:T13,$D$1:T$1) -> 15371.941 | V34: - | W34: - | X34: - | Y34: - | Z34: - | AA34: - | AB34: - | AC34: - | AD34: - | AE34: - | AF34: -
C35: Lithuania | D35: - | E35: - | F35: - | G35: - | H35: - | I35: - | J35: - | K35: - | L35: =_xlfn.FORECAST.LINEAR(L$1,$D14:K14,$D$1:K$1) -> 9725.5714 | M35: =_xlfn.FORECAST.LINEAR(M$1,$D14:L14,$D$1:L$1) -> 11170.944 | N35: =_xlfn.FORECAST.LINEAR(N$1,$D14:M14,$D$1:M$1) -> 12164.067 | O35: =_xlfn.FORECAST.LINEAR(O$1,$D14:N14,$D$1:N$1) -> 12993.836 | P35: =_xlfn.FORECAST.LINEAR(P$1,$D14:O14,$D$1:O$1) -> 14075.333 | Q35: =_xlfn.FORECAST.LINEAR(Q$1,$D14:P14,$D$1:P$1) -> 14969.423 | R35: =_xlfn.FORECAST.LINEAR(R$1,$D14:Q14,$D$1:Q$1) -> 16250.44 | S35: =_xlfn.FORECAST.LINEAR(S$1,$D14:R14,$D$1:R$1) -> 17222.629 | ... U35: =_xlfn.FORECAST.LINEAR(U$1,$D14:T14,$D$1:T$1) -> 18617.301 | V35: - | W35: - | X35: - | Y35: - | Z35: - | AA35: - | AB35: - | AC35: - | AD35: - | AE35: - | AF35: -
A36: 60+ | B36: males | C36: Estonia | D36: - | E36: - | F36: - | G36: - | H36: - | I36: - | J36: - | K36: - | L36: =_xlfn.FORECAST.LINEAR(L$1,$D15:K15,$D$1:K$1) -> 10068 | M36: =_xlfn.FORECAST.LINEAR(M$1,$D15:L15,$D$1:L$1) -> 11088.111 | N36: =_xlfn.FORECAST.LINEAR(N$1,$D15:M15,$D$1:M$1) -> 11885.933 | O36: =_xlfn.FORECAST.LINEAR(O$1,$D15:N15,$D$1:N$1) -> 12541.782 | P36: =_xlfn.FORECAST.LINEAR(P$1,$D15:O15,$D$1:O$1) -> 13253.348 | Q36: =_xlfn.FORECAST.LINEAR(Q$1,$D15:P15,$D$1:P$1) -> 13908.346 | R36: =_xlfn.FORECAST.LINEAR(R$1,$D15:Q15,$D$1:Q$1) -> 14476.495 | S36: =_xlfn.FORECAST.LINEAR(S$1,$D15:R15,$D$1:R$1) -> 15306.143 | ... U36: =_xlfn.FORECAST.LINEAR(U$1,$D15:T15,$D$1:T$1) -> 16277.522 | V36: - | W36: - | X36: - | Y36: - | Z36: - | AA36: - | AB36: - | AC36: - | AD36: - | AE36: - | AF36: -
C37: Latvia | D37: - | E37: - | F37: - | G37: - | H37: - | I37: - | J37: - | K37: - | L37: =_xlfn.FORECAST.LINEAR(L$1,$D16:K16,$D$1:K$1) -> 8489.5357 | M37: =_xlfn.FORECAST.LINEAR(M$1,$D16:L16,$D$1:L$1) -> 9091.4167 | N37: =_xlfn.FORECAST.LINEAR(N$1,$D16:M16,$D$1:M$1) -> 9558.4 | O37: =_xlfn.FORECAST.LINEAR(O$1,$D16:N16,$D$1:N$1) -> 10168.636 | P37: =_xlfn.FORECAST.LINEAR(P$1,$D16:O16,$D$1:O$1) -> 10672.409 | Q37: =_xlfn.FORECAST.LINEAR(Q$1,$D16:P16,$D$1:P$1) -> 11203.923 | R37: =_xlfn.FORECAST.LINEAR(R$1,$D16:Q16,$D$1:Q$1) -> 11919.923 | S37: =_xlfn.FORECAST.LINEAR(S$1,$D16:R16,$D$1:R$1) -> 12762.886 | ... U37: =_xlfn.FORECAST.LINEAR(U$1,$D16:T16,$D$1:T$1) -> 14137.162 | V37: - | W37: - | X37: - | Y37: - | Z37: - | AA37: - | AB37: - | AC37: - | AD37: - | AE37: - | AF37: -
C38: Lithuania | D38: - | E38: - | F38: - | G38: - | H38: - | I38: - | J38: - | K38: - | L38: =_xlfn.FORECAST.LINEAR(L$1,$D17:K17,$D$1:K$1) -> 8843.8929 | M38: =_xlfn.FORECAST.LINEAR(M$1,$D17:L17,$D$1:L$1) -> 9855.1111 | N38: =_xlfn.FORECAST.LINEAR(N$1,$D17:M17,$D$1:M$1) -> 10703.933 | O38: =_xlfn.FORECAST.LINEAR(O$1,$D17:N17,$D$1:N$1) -> 11400 | P38: =_xlfn.FORECAST.LINEAR(P$1,$D17:O17,$D$1:O$1) -> 12378.939 | Q38: =_xlfn.FORECAST.LINEAR(Q$1,$D17:P17,$D$1:P$1) -> 13246.615 | R38: =_xlfn.FORECAST.LINEAR(R$1,$D17:Q17,$D$1:Q$1) -> 14278.538 | S38: =_xlfn.FORECAST.LINEAR(S$1,$D17:R17,$D$1:R$1) -> 15052.905 | ... U38: =_xlfn.FORECAST.LINEAR(U$1,$D17:T17,$D$1:T$1) -> 16049.044 | V38: - | W38: - | X38: - | Y38: - | Z38: - | AA38: - | AB38: - | AC38: - | AD38: - | AE38: - | AF38: -
A39: 60+ | B39: females | C39: Estonia | D39: - | E39: - | F39: - | G39: - | H39: - | I39: - | J39: - | K39: - | L39: =_xlfn.FORECAST.LINEAR(L$1,$D18:K18,$D$1:K$1) -> 8925.25 | M39: =_xlfn.FORECAST.LINEAR(M$1,$D18:L18,$D$1:L$1) -> 9795.25 | N39: =_xlfn.FORECAST.LINEAR(N$1,$D18:M18,$D$1:M$1) -> 10539.267 | O39: =_xlfn.FORECAST.LINEAR(O$1,$D18:N18,$D$1:N$1) -> 11189.6 | P39: =_xlfn.FORECAST.LINEAR(P$1,$D18:O18,$D$1:O$1) -> 11874.212 | Q39: =_xlfn.FORECAST.LINEAR(Q$1,$D18:P18,$D$1:P$1) -> 12458.5 | R39: =_xlfn.FORECAST.LINEAR(R$1,$D18:Q18,$D$1:Q$1) -> 12975.615 | S39: =_xlfn.FORECAST.LINEAR(S$1,$D18:R18,$D$1:R$1) -> 13739.581 | ... U39: =_xlfn.FORECAST.LINEAR(U$1,$D18:T18,$D$1:T$1) -> 14605.449 | V39: - | W39: - | X39: - | Y39: - | Z39: - | AA39: - | AB39: - | AC39: - | AD39: - | AE39: - | AF39: -
C40: Latvia | D40: - | E40: - | F40: - | G40: - | H40: - | I40: - | J40: - | K40: - | L40: =_xlfn.FORECAST.LINEAR(L$1,$D19:K19,$D$1:K$1) -> 7360 | M40: =_xlfn.FORECAST.LINEAR(M$1,$D19:L19,$D$1:L$1) -> 7962.25 | N40: =_xlfn.FORECAST.LINEAR(N$1,$D19:M19,$D$1:M$1) -> 8337.0667 | O40: =_xlfn.FORECAST.LINEAR(O$1,$D19:N19,$D$1:N$1) -> 8702.2 | P40: =_xlfn.FORECAST.LINEAR(P$1,$D19:O19,$D$1:O$1) -> 9191.5 | Q40: =_xlfn.FORECAST.LINEAR(Q$1,$D19:P19,$D$1:P$1) -> 9686.6923 | R40: =_xlfn.FORECAST.LINEAR(R$1,$D19:Q19,$D$1:Q$1) -> 10212.407 | S40: =_xlfn.FORECAST.LINEAR(S$1,$D19:R19,$D$1:R$1) -> 10798.505 | ... U40: =_xlfn.FORECAST.LINEAR(U$1,$D19:T19,$D$1:T$1) -> 12049.838 | V40: - | W40: - | X40: - | Y40: - | Z40: - | AA40: - | AB40: - | AC40: - | AD40: - | AE40: - | AF40: -
C41: Lithuania | D41: - | E41: - | F41: - | G41: - | H41: - | I41: - | J41: - | K41: - | L41: =_xlfn.FORECAST.LINEAR(L$1,$D20:K20,$D$1:K$1) -> 7908.8929 | M41: =_xlfn.FORECAST.LINEAR(M$1,$D20:L20,$D$1:L$1) -> 8671.6389 | N41: =_xlfn.FORECAST.LINEAR(N$1,$D20:M20,$D$1:M$1) -> 9234.8 | O41: =_xlfn.FORECAST.LINEAR(O$1,$D20:N20,$D$1:N$1) -> 9745.6727 | P41: =_xlfn.FORECAST.LINEAR(P$1,$D20:O20,$D$1:O$1) -> 10385.303 | Q41: =_xlfn.FORECAST.LINEAR(Q$1,$D20:P20,$D$1:P$1) -> 11042.692 | R41: =_xlfn.FORECAST.LINEAR(R$1,$D20:Q20,$D$1:Q$1) -> 11798.363 | S41: =_xlfn.FORECAST.LINEAR(S$1,$D20:R20,$D$1:R$1) -> 12425.048 | ... U41: =_xlfn.FORECAST.LINEAR(U$1,$D20:T20,$D$1:T$1) -> 13557.574 | V41: - | W41: - | X41: - | Y41: - | Z41: - | AA41: - | AB41: - | AC41: - | AD41: - | AE41: - | AF41: -
A44: Percentage difference between forecast and recorded value (correcting observed with given %)
A45: 25-54 | B45: males | C45: Estonia | D45: - | E45: - | F45: - | G45: - | H45: - | I45: - | J45: - | K45: - | L45: =L3/L24 -> 1.137163 | M45: =M3/M24 -> 1.0306102 | N45: =N3/N24 -> 1.0255623 | O45: =O3/O24 -> 1.0385955 | P45: =P3/P24 -> 0.99049296 | Q45: =Q3/Q24 -> 1.0117563 | R45: =R3/R24 -> 1.1305012 | S45: =S3/S24 -> 0.95992343 | ... U45: =U3/U24 -> 0.98590734 | V45: - | W45: - | X45: - | Y45: - | Z45: - | AA45: - | AB45: - | AC45: - | AD45: - | AE45: - | AF45: -
C46: Latvia | D46: - | E46: - | F46: - | G46: - | H46: - | I46: - | J46: - | K46: - | L46: =L4/L25 -> 1.2640578 | M46: =M4/M25 -> 1.1215471 | N46: =N4/N25 -> 1.1395506 | O46: =O4/O25 -> 1.1540155 | P46: =P4/P25 -> 1.0660273 | Q46: =Q4/Q25 -> 1.1111596 | R46: =R4/R25 -> 1.0894119 | S46: =S4/S25 -> 1.0407728 | ... U46: =U4/U25 -> 1.2406951 | V46: - | W46: - | X46: - | Y46: - | Z46: - | AA46: - | AB46: - | AC46: - | AD46: - | AE46: - | AF46: -
C47: Lithuania | D47: - | E47: - | F47: - | G47: - | H47: - | I47: - | J47: - | K47: - | L47: =L5/L26 -> 1.2520791 | M47: =M5/M26 -> 1.1810489 | N47: =N5/N26 -> 1.1191743 | O47: =O5/O26 -> 1.0565305 | P47: =P5/P26 -> 1.0990458 | Q47: =Q5/Q26 -> 1.1511821 | R47: =R5/R26 -> 1.126756 | S47: =S5/S26 -> 1.0342673 | ... U47: =U5/U26 -> 1.1483931 | V47: - | W47: - | X47: - | Y47: - | Z47: - | AA47: - | AB47: - | AC47: - | AD47: - | AE47: - | AF47: -
A48: 25-54 | B48: females | C48: Estonia | D48: - | E48: - | F48: - | G48: - | H48: - | I48: - | J48: - | K48: - | L48: =L6/L27 -> 1.1371947 | M48: =M6/M27 -> 1.059778 | N48: =N6/N27 -> 1.0537244 | O48: =O6/O27 -> 1.0455611 | P48: =P6/P27 -> 0.99491489 | Q48: =Q6/Q27 -> 0.98513833 | R48: =R6/R27 -> 1.1337864 | S48: =S6/S27 -> 0.92087153 | ... U48: =U6/U27 -> 0.96631533 | V48: - | W48: - | X48: - | Y48: - | Z48: - | AA48: - | AB48: - | AC48: - | AD48: - | AE48: - | AF48: -
C49: Latvia | D49: - | E49: - | F49: - | G49: - | H49: - | I49: - | J49: - | K49: - | L49: =L7/L28 -> 1.3021208 | M49: =M7/M28 -> 1.1452474 | N49: =N7/N28 -> 1.1478865 | O49: =O7/O28 -> 1.1801672 | P49: =P7/P28 -> 1.0740243 | Q49: =Q7/Q28 -> 1.0603789 | R49: =R7/R28 -> 1.0612358 | S49: =S7/S28 -> 1.0337253 | ... U49: =U7/U28 -> 1.2467637 | V49: - | W49: - | X49: - | Y49: - | Z49: - | AA49: - | AB49: - | AC49: - | AD49: - | AE49: - | AF49: -
C50: Lithuania | D50: - | E50: - | F50: - | G50: - | H50: - | I50: - | J50: - | K50: - | L50: =L8/L29 -> 1.1879288 | M50: =M8/M29 -> 1.0991451 | N50: =N8/N29 -> 1.1036947 | O50: =O8/O29 -> 1.1006222 | P50: =P8/P29 -> 1.1115821 | Q50: =Q8/Q29 -> 1.1287411 | R50: =R8/R29 -> 1.110186 | S50: =S8/S29 -> 1.0360924 | ... U50: =U8/U29 -> 1.0891126 | V50: - | W50: - | X50: - | Y50: - | Z50: - | AA50: - | AB50: - | AC50: - | AD50: - | AE50: - | AF50: -
A51: 55-64 | B51: males | C51: Estonia | D51: - | E51: - | F51: - | G51: - | H51: - | I51: - | J51: - | K51: - | L51: =L9/L30 -> 1.2384151 | M51: =M9/M30 -> 1.1090776 | N51: =N9/N30 -> 1.087561 | O51: =O9/O30 -> 1.0345206 | P51: =P9/P30 -> 0.99901581 | Q51: =Q9/Q30 -> 0.96336591 | R51: =R9/R30 -> 1.0834646 | S51: =S9/S30 -> 0.92444839 | ... U51: =U9/U30 -> 0.97671983 | V51: - | W51: - | X51: - | Y51: - | Z51: - | AA51: - | AB51: - | AC51: - | AD51: - | AE51: - | AF51: -
C52: Latvia | D52: - | E52: - | F52: - | G52: - | H52: - | I52: - | J52: - | K52: - | L52: =L10/L31 -> 1.229361 | M52: =M10/M31 -> 1.0752699 | N52: =N10/N31 -> 1.1396667 | O52: =O10/O31 -> 1.1038953 | P52: =P10/P31 -> 1.0841672 | Q52: =Q10/Q31 -> 1.0864257 | R52: =R10/R31 -> 1.1195258 | S52: =S10/S31 -> 1.0458235 | ... U52: =U10/U31 -> 1.2733707 | V52: - | W52: - | X52: - | Y52: - | Z52: - | AA52: - | AB52: - | AC52: - | AD52: - | AE52: - | AF52: -
C53: Lithuania | D53: - | E53: - | F53: - | G53: - | H53: - | I53: - | J53: - | K53: - | L53: =L11/L32 -> 1.1576917 | M53: =M11/M32 -> 1.1002823 | N53: =N11/N32 -> 1.1147682 | O53: =O11/O32 -> 1.1377926 | P53: =P11/P32 -> 1.1357456 | Q53: =Q11/Q32 -> 1.1259659 | R53: =R11/R32 -> 0.99822681 | S53: =S11/S32 -> 1.009194 | ... U53: =U11/U32 -> 0.87727016 | V53: - | W53: - | X53: - | Y53: - | Z53: - | AA53: - | AB53: - | AC53: - | AD53: - | AE53: - | AF53: -
A54: 55-64 | B54: females | C54: Estonia | D54: - | E54: - | F54: - | G54: - | H54: - | I54: - | J54: - | K54: - | L54: =L12/L33 -> 1.1939934 | M54: =M12/M33 -> 1.1020852 | N54: =N12/N33 -> 1.0646526 | O54: =O12/O33 -> 1.0230813 | P54: =P12/P33 -> 0.9972706 | Q54: =Q12/Q33 -> 0.99753698 | R54: =R12/R33 -> 1.1216046 | S54: =S12/S33 -> 0.95618516 | ... U54: =U12/U33 -> 1.0291992 | V54: - | W54: - | X54: - | Y54: - | Z54: - | AA54: - | AB54: - | AC54: - | AD54: - | AE54: - | AF54: -
C55: Latvia | D55: - | E55: - | F55: - | G55: - | H55: - | I55: - | J55: - | K55: - | L55: =L13/L34 -> 1.1463885 | M55: =M13/M34 -> 1.0566087 | N55: =N13/N34 -> 1.060165 | O55: =O13/O34 -> 1.0759904 | P55: =P13/P34 -> 1.0563627 | Q55: =Q13/Q34 -> 1.0767435 | R55: =R13/R34 -> 1.0446979 | S55: =S13/S34 -> 1.0302505 | ... U55: =U13/U34 -> 1.2398564 | V55: - | W55: - | X55: - | Y55: - | Z55: - | AA55: - | AB55: - | AC55: - | AD55: - | AE55: - | AF55: -
C56: Lithuania | D56: - | E56: - | F56: - | G56: - | H56: - | I56: - | J56: - | K56: - | L56: =L14/L35 -> 1.2752978 | M56: =M14/M35 -> 1.1251511 | N56: =N14/N35 -> 1.0722565 | O56: =O14/O35 -> 1.1226861 | P56: =P14/P35 -> 1.0652678 | Q56: =Q14/Q35 -> 1.1494765 | R56: =R14/R35 -> 1.0615097 | S56: =S14/S35 -> 0.99758291 | ... U56: =U14/U35 -> 0.99826498 | V56: - | W56: - | X56: - | Y56: - | Z56: - | AA56: - | AB56: - | AC56: - | AD56: - | AE56: - | AF56: -
A57: 60+ | B57: males | C57: Estonia | D57: - | E57: - | F57: - | G57: - | H57: - | I57: - | J57: - | K57: - | L57: =L15/L36 -> 1.1455105 | M57: =M15/M36 -> 1.0746646 | N57: =N15/N36 -> 1.0333223 | O57: =O15/O36 -> 1.0434721 | P57: =P15/P36 -> 1.0255521 | Q57: =Q15/Q36 -> 1.0015569 | R57: =R15/R36 -> 1.0691815 | S57: =S15/S36 -> 0.92368144 | ... U57: =U15/U36 -> 1.0467809 | V57: - | W57: - | X57: - | Y57: - | Z57: - | AA57: - | AB57: - | AC57: - | AD57: - | AE57: - | AF57: -
C58: Latvia | D58: - | E58: - | F58: - | G58: - | H58: - | I58: - | J58: - | K58: - | L58: =L16/L37 -> 1.096762 | M58: =M16/M37 -> 1.0482415 | N58: =N16/N37 -> 1.084805 | O58: =O16/O37 -> 1.0446828 | P58: =P16/P37 -> 1.0492476 | Q58: =Q16/Q37 -> 1.1027387 | R58: =R16/R37 -> 1.133061 | S58: =S16/S37 -> 1.0476471 | ... U58: =U16/U37 -> 1.2302328 | V58: - | W58: - | X58: - | Y58: - | Z58: - | AA58: - | AB58: - | AC58: - | AD58: - | AE58: - | AF58: -
C59: Lithuania | D59: - | E59: - | F59: - | G59: - | H59: - | I59: - | J59: - | K59: - | L59: =L17/L38 -> 1.20603 | M59: =M17/M38 -> 1.133422 | N59: =N17/N38 -> 1.0774544 | O59: =O17/O38 -> 1.1438596 | P59: =P17/P38 -> 1.0977516 | Q59: =Q17/Q38 -> 1.1312324 | R59: =R17/R38 -> 1.0497573 | S59: =S17/S38 -> 0.98911142 | ... U59: =U17/U38 -> 0.96111643 | V59: - | W59: - | X59: - | Y59: - | Z59: - | AA59: - | AB59: - | AC59: - | AD59: - | AE59: - | AF59: -
A60: 60+ | B60: females | C60: Estonia | D60: - | E60: - | F60: - | G60: - | H60: - | I60: - | J60: - | K60: - | L60: =L18/L39 -> 1.1331895 | M60: =M18/M39 -> 1.0824634 | N60: =N18/N39 -> 1.0483652 | O60: =O18/O39 -> 1.0526739 | P60: =P18/P39 -> 1.0201098 | Q60: =Q18/Q39 -> 0.99955853 | R60: =R18/R39 -> 1.0709319 | S60: =S18/S39 -> 0.93125111 | ... U60: =U18/U39 -> 1.0580983 | V60: - | W60: - | X60: - | Y60: - | Z60: - | AA60: - | AB60: - | AC60: - | AD60: - | AE60: - | AF60: -
C61: Latvia | D61: - | E61: - | F61: - | G61: - | H61: - | I61: - | J61: - | K61: - | L61: =L19/L40 -> 1.13125 | M61: =M19/M40 -> 1.0431725 | N61: =N19/N40 -> 1.0359759 | O61: =O19/O40 -> 1.075705 | P61: =P19/P40 -> 1.0707719 | Q61: =Q19/Q40 -> 1.0755994 | R61: =R19/R40 -> 1.0913197 | S61: =S19/S40 -> 1.0624619 | ... U61: =U19/U40 -> 1.2537928 | V61: - | W61: - | X61: - | Y61: - | Z61: - | AA61: - | AB61: - | AC61: - | AD61: - | AE61: - | AF61: -
C62: Lithuania | D62: - | E62: - | F62: - | G62: - | H62: - | I62: - | J62: - | K62: - | L62: =L20/L41 -> 1.1588221 | M62: =M20/M41 -> 1.0792654 | N62: =N20/N41 -> 1.0551393 | O62: =O20/O41 -> 1.0895092 | P62: =P20/P41 -> 1.086054 | Q62: =Q20/Q41 -> 1.1089687 | R62: =R20/R41 -> 1.0573501 | S62: =S20/S41 -> 1.0166561 | ... U62: =U20/U41 -> 1.0742335 | V62: - | W62: - | X62: - | Y62: - | Z62: - | AA62: - | AB62: - | AC62: - | AD62: - | AE62: - | AF62: -
A64: Forecasted percentage growth rate of Income
A65: 25-54 | B65: males | C65: Estonia | D65: - | E65: - | F65: - | G65: - | H65: - | I65: - | J65: - | K65: - | L65: - | M65: - | N65: - | O65: - | P65: - | Q65: - | R65: - | S65: - | T65: - | U65: - | V65: =V3/U3-1 -> 0.047716841 | W65: =W3/V3-1 -> 0.034692994 | X65: =X3/W3-1 -> 0.033529747 | Y65: =Y3/X3-1 -> 0.032441976 | Z65: =Z3/Y3-1 -> 0.031422566 | AA65: =AA3/Z3-1 -> 0.076305319 | AB65: =AB3/AA3-1 -> 0.031563167 | AC65: =AC3/AB3-1 -> 0.04820304 | ... AF65: =AF3/AE3-1 -> 0.027173297
C66: Latvia | D66: - | E66: - | F66: - | G66: - | H66: - | I66: - | J66: - | K66: - | L66: - | M66: - | N66: - | O66: - | P66: - | Q66: - | R66: - | S66: - | T66: - | U66: - | V66: =V4/U4-1 -> -0.12032295 | W66: =W4/V4-1 -> 0.038615975 | X66: =X4/W4-1 -> 0.037180224 | Y66: =Y4/X4-1 -> 0.035847409 | Z66: =Z4/Y4-1 -> 0.034606844 | AA66: =AA4/Z4-1 -> 0.18747421 | AB66: =AB4/AA4-1 -> 0.051397797 | AC66: =AC4/AB4-1 -> 0.047830482 | ... AF66: =AF4/AE4-1 -> 0.059134324
C67: Lithuania | D67: - | E67: - | F67: - | G67: - | H67: - | I67: - | J67: - | K67: - | L67: - | M67: - | N67: - | O67: - | P67: - | Q67: - | R67: - | S67: - | T67: - | U67: - | V67: =V5/U5-1 -> -0.063553878 | W67: =W5/V5-1 -> 0.041877483 | X67: =X5/W5-1 -> 0.040194249 | Y67: =Y5/X5-1 -> 0.038641099 | Z67: =Z5/Y5-1 -> 0.037203514 | AA67: =AA5/Z5-1 -> 0.18252295 | AB67: =AB5/AA5-1 -> 0.059707139 | AC67: =AC5/AB5-1 -> 0.054799085 | ... AF67: =AF5/AE5-1 -> 0.051897157
A68: 25-54 | B68: females | C68: Estonia | D68: - | E68: - | F68: - | G68: - | H68: - | I68: - | J68: - | K68: - | L68: - | M68: - | N68: - | O68: - | P68: - | Q68: - | R68: - | S68: - | T68: - | U68: - | V68: =V6/U6-1 -> 0.065586295 | W68: =W6/V6-1 -> 0.035531872 | X68: =X6/W6-1 -> 0.034312679 | Y68: =Y6/X6-1 -> 0.033174377 | Z68: =Z6/Y6-1 -> 0.032109175 | AA68: =AA6/Z6-1 -> 0.091156577 | AB68: =AB6/AA6-1 -> 0.027905993 | AC68: =AC6/AB6-1 -> 0.049367251 | ... AF68: =AF6/AE6-1 -> 0.025671862
C69: Latvia | D69: - | E69: - | F69: - | G69: - | H69: - | I69: - | J69: - | K69: - | L69: - | M69: - | N69: - | O69: - | P69: - | Q69: - | R69: - | S69: - | T69: - | U69: - | V69: =V7/U7-1 -> -0.12431561 | W69: =W7/V7-1 -> 0.037795752 | X69: =X7/W7-1 -> 0.036419258 | Y69: =Y7/X7-1 -> 0.035139504 | Z69: =Z7/Y7-1 -> 0.033946636 | AA69: =AA7/Z7-1 -> 0.20829915 | AB69: =AB7/AA7-1 -> 0.043564367 | AC69: =AC7/AB7-1 -> 0.044010359 | ... AF69: =AF7/AE7-1 -> 0.059423777
C70: Lithuania | D70: - | E70: - | F70: - | G70: - | H70: - | I70: - | J70: - | K70: - | L70: - | M70: - | N70: - | O70: - | P70: - | Q70: - | R70: - | S70: - | T70: - | U70: - | V70: =V8/U8-1 -> -0.026053767 | W70: =W8/V8-1 -> 0.040064324 | X70: =X8/W8-1 -> 0.038521006 | Y70: =Y8/X8-1 -> 0.037092178 | Z70: =Z8/Y8-1 -> 0.035765556 | AA70: =AA8/Z8-1 -> 0.15928932 | AB70: =AB8/AA8-1 -> 0.054753513 | AC70: =AC8/AB8-1 -> 0.050764126 | ... AF70: =AF8/AE8-1 -> 0.044311483
A71: 55-64 | B71: males | C71: Estonia | D71: - | E71: - | F71: - | G71: - | H71: - | I71: - | J71: - | K71: - | L71: - | M71: - | N71: - | O71: - | P71: - | Q71: - | R71: - | S71: - | T71: - | U71: - | V71: =V9/U9-1 -> 0.056897831 | W71: =W9/V9-1 -> 0.035898737 | X71: =X9/W9-1 -> 0.034654678 | Y71: =Y9/X9-1 -> 0.033493956 | Z71: =Z9/Y9-1 -> 0.032408468 | AA71: =AA9/Z9-1 -> 0.12805106 | AB71: =AB9/AA9-1 -> 0.025276795 | AC71: =AC9/AB9-1 -> 0.043102697 | ... AF71: =AF9/AE9-1 -> 0.028014705
C72: Latvia | D72: - | E72: - | F72: - | G72: - | H72: - | I72: - | J72: - | K72: - | L72: - | M72: - | N72: - | O72: - | P72: - | Q72: - | R72: - | S72: - | T72: - | U72: - | V72: =V10/U10-1 -> -0.13969679 | W72: =W10/V10-1 -> 0.03608616 | X72: =X10/W10-1 -> 0.034829304 | Y72: =Y10/X10-1 -> 0.033657052 | Z72: =Z10/Y10-1 -> 0.03256114 | AA72: =AA10/Z10-1 -> 0.16199457 | AB72: =AB10/AA10-1 -> 0.045417935 | AC72: =AC10/AB10-1 -> 0.049402782 | ... AF72: =AF10/AE10-1 -> 0.06026314
C73: Lithuania | D73: - | E73: - | F73: - | G73: - | H73: - | I73: - | J73: - | K73: - | L73: - | M73: - | N73: - | O73: - | P73: - | Q73: - | R73: - | S73: - | T73: - | U73: - | V73: =V11/U11-1 -> 0.1516729 | W73: =W11/V11-1 -> 0.035086034 | X73: =X11/W11-1 -> 0.033896732 | Y73: =Y11/X11-1 -> 0.032785414 | Z73: =Z11/Y11-1 -> 0.031744652 | AA73: =AA11/Z11-1 -> 0.16400095 | AB73: =AB11/AA11-1 -> 0.050881658 | AC73: =AC11/AB11-1 -> 0.032869268 | ... AF73: =AF11/AE11-1 -> 0.020065273
A74: 55-64 | B74: females | C74: Estonia | D74: - | E74: - | F74: - | G74: - | H74: - | I74: - | J74: - | K74: - | L74: - | M74: - | N74: - | O74: - | P74: - | Q74: - | R74: - | S74: - | T74: - | U74: - | V74: =V12/U12-1 -> 0.014807396 | W74: =W12/V12-1 -> 0.036826025 | X74: =X12/W12-1 -> 0.035518036 | Y74: =Y12/X12-1 -> 0.034299776 | Z74: =Z12/Y12-1 -> 0.033162316 | AA74: =AA12/Z12-1 -> 0.11076089 | AB74: =AB12/AA12-1 -> 0.031084094 | AC74: =AC12/AB12-1 -> 0.048801867 | ... AF74: =AF12/AE12-1 -> 0.033772551
C75: Latvia | D75: - | E75: - | F75: - | G75: - | H75: - | I75: - | J75: - | K75: - | L75: - | M75: - | N75: - | O75: - | P75: - | Q75: - | R75: - | S75: - | T75: - | U75: - | V75: =V13/U13-1 -> -0.12294159 | W75: =W13/V13-1 -> 0.035251193 | X75: =X13/W13-1 -> 0.034050859 | Y75: =Y13/X13-1 -> 0.032929579 | Z75: =Z13/Y13-1 -> 0.031879791 | AA75: =AA13/Z13-1 -> 0.11244183 | AB75: =AB13/AA13-1 -> 0.042772673 | AC75: =AC13/AB13-1 -> 0.037387257 | ... AF75: =AF13/AE13-1 -> 0.054537388
C76: Lithuania | D76: - | E76: - | F76: - | G76: - | H76: - | I76: - | J76: - | K76: - | L76: - | M76: - | N76: - | O76: - | P76: - | Q76: - | R76: - | S76: - | T76: - | U76: - | V76: =V14/U14-1 -> 0.040367434 | W76: =W14/V14-1 -> 0.037472466 | X76: =X14/W14-1 -> 0.036118998 | Y76: =Y14/X14-1 -> 0.034859894 | Z76: =Z14/Y14-1 -> 0.033685617 | AA76: =AA14/Z14-1 -> 0.16902565 | AB76: =AB14/AA14-1 -> 0.056271599 | AC76: =AC14/AB14-1 -> 0.043070978 | ... AF76: =AF14/AE14-1 -> 0.034208806
A77: 60+ | B77: males | C77: Estonia | D77: - | E77: - | F77: - | G77: - | H77: - | I77: - | J77: - | K77: - | L77: - | M77: - | N77: - | O77: - | P77: - | Q77: - | R77: - | S77: - | T77: - | U77: - | V77: =V15/U15-1 -> -0.0012274801 | W77: =W15/V15-1 -> 0.034357852 | X77: =X15/W15-1 -> 0.033216601 | Y77: =Y15/X15-1 -> 0.03214873 | Z77: =Z15/Y15-1 -> 0.031147381 | AA77: =AA15/Z15-1 -> 0.096659315 | AB77: =AB15/AA15-1 -> 0.029821126 | AC77: =AC15/AB15-1 -> 0.039586337 | ... AF77: =AF15/AE15-1 -> 0.03344407
C78: Latvia | D78: - | E78: - | F78: - | G78: - | H78: - | I78: - | J78: - | K78: - | L78: - | M78: - | N78: - | O78: - | P78: - | Q78: - | R78: - | S78: - | T78: - | U78: - | V78: =V16/U16-1 -> -0.11696986 | W78: =W16/V16-1 -> 0.03609296 | X78: =X16/W16-1 -> 0.034835638 | Y78: =Y16/X16-1 -> 0.033662967 | Z78: =Z16/Y16-1 -> 0.032566676 | AA78: =AA16/Z16-1 -> 0.098329439 | AB78: =AB16/AA16-1 -> 0.04755929 | AC78: =AC16/AB16-1 -> 0.049963914 | ... AF78: =AF16/AE16-1 -> 0.054174745
C79: Lithuania | D79: - | E79: - | F79: - | G79: - | H79: - | I79: - | J79: - | K79: - | L79: - | M79: - | N79: - | O79: - | P79: - | Q79: - | R79: - | S79: - | T79: - | U79: - | V79: =V17/U17-1 -> 0.069413671 | W79: =W17/V17-1 -> 0.034820583 | X79: =X17/W17-1 -> 0.033648908 | Y79: =Y17/X17-1 -> 0.032553518 | Z79: =Z17/Y17-1 -> 0.031527197 | AA79: =AA17/Z17-1 -> 0.16629247 | AB79: =AB17/AA17-1 -> 0.051534799 | AC79: =AC17/AB17-1 -> 0.039657051 | ... AF79: =AF17/AE17-1 -> 0.028791564
A80: 60+ | B80: females | C80: Estonia | D80: - | E80: - | F80: - | G80: - | H80: - | I80: - | J80: - | K80: - | L80: - | M80: - | N80: - | O80: - | P80: - | Q80: - | R80: - | S80: - | T80: - | U80: - | V80: =V18/U18-1 -> -0.008798196 | W80: =W18/V18-1 -> 0.035181021 | X80: =X18/W18-1 -> 0.03398538 | Y80: =Y18/X18-1 -> 0.032868337 | Z80: =Z18/Y18-1 -> 0.031822388 | AA80: =AA18/Z18-1 -> 0.10027878 | AB80: =AB18/AA18-1 -> 0.030122217 | AC80: =AC18/AB18-1 -> 0.040441423 | ... AF80: =AF18/AE18-1 -> 0.035079707
C81: Latvia | D81: - | E81: - | F81: - | G81: - | H81: - | I81: - | J81: - | K81: - | L81: - | M81: - | N81: - | O81: - | P81: - | Q81: - | R81: - | S81: - | T81: - | U81: - | V81: =V19/U19-1 -> -0.13066618 | W81: =W19/V19-1 -> 0.034880561 | X81: =X19/W19-1 -> 0.033704915 | Y81: =Y19/X19-1 -> 0.032605935 | Z81: =Z19/Y19-1 -> 0.031576358 | AA81: =AA19/Z19-1 -> 0.10416964 | AB81: =AB19/AA19-1 -> 0.042281003 | AC81: =AC19/AB19-1 -> 0.043400757 | ... AF81: =AF19/AE19-1 -> 0.055837638
C82: Lithuania | D82: - | E82: - | F82: - | G82: - | H82: - | I82: - | J82: - | K82: - | L82: - | M82: - | N82: - | O82: - | P82: - | Q82: - | R82: - | S82: - | T82: - | U82: - | V82: =V20/U20-1 -> -0.020774207 | W82: =W20/V20-1 -> 0.034910713 | X82: =X20/W20-1 -> 0.033733067 | Y82: =Y20/X20-1 -> 0.032632281 | Z82: =Z20/Y20-1 -> 0.031601066 | AA82: =AA20/Z20-1 -> 0.12726312 | AB82: =AB20/AA20-1 -> 0.047771783 | AC82: =AC20/AB20-1 -> 0.039435274 | ... AF82: =AF20/AE20-1 -> 0.038765254

Sheet CALCULATIONS>>> 
B2: CALCULATION SHEETS

Sheet Input data
A1: Coefficients from Poisson regressions
B2: (1) | C2: (2)
B3: DisabilityPoisson | C3: IncomePoisson
A4: Gender: Male (base) | B4: 0 | C4: 0
A5: Gender: Female | B5: -0.1144357 | C5: -0.11897549
A6: Limited: No (base) | B6: 0 | C6: 0
A7: Limited: Yes | B7: 0.041488545 | C7: 0.041486225
A8: Income | B8: -3.5114e-06 | C8: -3.5065e-06
A9: Age: Less than 55 years old (base) | B9: 0 | C9: -
A10: Age: Between 55 and 64 years old | B10: 0.35051282 | C10: -
A11: Age: Between 65 and 74 years old | B11: -0.0381719 | C11: -
A12: Age: Between 75 and 84 years old | B12: -0.29658647 | C12: -
A13: Age: Older than 85 years | B13: -0.16417324 | C13: -
A14: Age: Less than 55 years old (base) | B14: - | C14: 0
A15: Age: Between 55 and 64 years old | B15: - | C15: 0.35054882
A16: Age: Older than 64 years | B16: - | C16: -0.038201323
A17: Country: Estonia (base) | B17: 0 | C17: 0
A18: Country: Latvia | B18: 0.10063522 | C18: 0.11164001
A19: Country: Lithuania | B19: 0.38843124 | C19: 0.37224076
A21: Constant | B21: 7.3331014 | C21: 7.3187472
A23: Mean income from SHARE sample per age, gender, disability, and country group
A24: Age group | B24: Gender | C24: Country
A25: 45-54 | B25: males | C25: some or severe | D25: Estonia | E25: 11962.992
D26: Latvia | E26: 7732.316
D27: Lithuania | E27: 7746.841
A28: 45-54 | B28: females | C28: some or severe | D28: Estonia | E28: 8400.997
D29: Latvia | E29: 5626.213
D30: Lithuania | E30: 6118.597
A31: 55-64 | B31: males | C31: some or severe | D31: Estonia | E31: 12357.316
D32: Latvia | E32: 5057.722
D33: Lithuania | E33: 9433.906
A34: 55-64 | B34: females | C34: some or severe | D34: Estonia | E34: 13631.43
D35: Latvia | E35: 5664.375
D36: Lithuania | E36: 9299.859
A37: 65-74 | B37: males | C37: some or severe | D37: Estonia | E37: 13166.786
D38: Latvia | E38: 5015.384
D39: Lithuania | E39: 7559.58
A40: 65-74 | B40: females | C40: some or severe | D40: Estonia | E40: 10804.436
D41: Latvia | E41: 5343.996
D42: Lithuania | E42: 7512.068
A43: 75-84 | B43: males | C43: some or severe | D43: Estonia | E43: 13350.155
D44: Latvia | E44: 8295.423
D45: Lithuania | E45: 7553.142
A46: 75-84 | B46: females | C46: some or severe | D46: Estonia | E46: 10525.301
D47: Latvia | E47: 6306.117
D48: Lithuania | E48: 6602.537
A49: 85+ | B49: males | C49: some or severe | D49: Estonia | E49: 10109.229
D50: Latvia | E50: 7267.691
D51: Lithuania | E51: 6844.66
A52: 85+ | B52: females | C52: some or severe | D52: Estonia | E52: 7017.735
D53: Latvia | E53: 4190.057
D54: Lithuania | E54: 4264.137

Sheet Eurostat data forecast
A1: Forecast amount for disability benefits and pensions in euros for the Population: per Age, Gender, and Disability Group
A2: Age | B2: Gender | C2: Disability | E2: 2026 | F2: 2027 | G2: 2028 | H2: 2029 | I2: 2030 | J2: 2031 | K2: 2032 | L2: 2033 | M2: 2034 | N2: 2035 | O2: 2036
A3: 45-54 | B3: males | C3: some or severe | D3: Estonia | E3: =Disability!W$65*EXP('Input data'!$B$4+'Input data'!$B$7+(1+Income!V$65)*'Input data'!$B$8*'Input data'!$E$25+'Input data'!$B$9+'Input data'!$B$17+'Input data'!$B$21) -> 38559350 | F3: =Disability!X$65*EXP('Input data'!$B$4+'Input data'!$B$7+(1+Income!W$65)*'Input data'!$B$8*'Input data'!$E$25+'Input data'!$B$9+'Input data'!$B$17+'Input data'!$B$21) -> 38448856 | G3: =Disability!Y$65*EXP('Input data'!$B$4+'Input data'!$B$7+(1+Income!X$65)*'Input data'!$B$8*'Input data'!$E$25+'Input data'!$B$9+'Input data'!$B$17+'Input data'!$B$21) -> 38319134 | H3: =Disability!Z$65*EXP('Input data'!$B$4+'Input data'!$B$7+(1+Income!Y$65)*'Input data'!$B$8*'Input data'!$E$25+'Input data'!$B$9+'Input data'!$B$17+'Input data'!$B$21) -> 38189278 | I3: =Disability!AA$65*EXP('Input data'!$B$4+'Input data'!$B$7+(1+Income!Z$65)*'Input data'!$B$8*'Input data'!$E$25+'Input data'!$B$9+'Input data'!$B$17+'Input data'!$B$21) -> 38059301 | J3: =Disability!AB$65*EXP('Input data'!$B$4+'Input data'!$B$7+(1+Income!AA$65)*'Input data'!$B$8*'Input data'!$E$25+'Input data'!$B$9+'Input data'!$B$17+'Input data'!$B$21) -> 37856247 | K3: =Disability!AC$65*EXP('Input data'!$B$4+'Input data'!$B$7+(1+Income!AB$65)*'Input data'!$B$8*'Input data'!$E$25+'Input data'!$B$9+'Input data'!$B$17+'Input data'!$B$21) -> 37795852 | L3: =Disability!AD$65*EXP('Input data'!$B$4+'Input data'!$B$7+(1+Income!AC$65)*'Input data'!$B$8*'Input data'!$E$25+'Input data'!$B$9+'Input data'!$B$17+'Input data'!$B$21) -> 37637923 | ... O3: =Disability!AG$65*EXP('Input data'!$B$4+'Input data'!$B$7+(1+Income!AF$65)*'Input data'!$B$8*'Input data'!$E$25+'Input data'!$B$9+'Input data'!$B$17+'Input data'!$B$21) -> 37276278
A4: 45-54 | B4: males | C4: some or severe | D4: Latvia | E4: =Disability!W$66*EXP('Input data'!$B$4+'Input data'!$B$7+(1+Income!V$66)*'Input data'!$B$8*'Input data'!$E$26+'Input data'!$B$9+'Input data'!$B$18+'Input data'!$B$21) -> 68790059 | F4: =Disability!X$66*EXP('Input data'!$B$4+'Input data'!$B$7+(1+Income!W$66)*'Input data'!$B$8*'Input data'!$E$26+'Input data'!$B$9+'Input data'!$B$18+'Input data'!$B$21) -> 68009786 | G4: =Disability!Y$66*EXP('Input data'!$B$4+'Input data'!$B$7+(1+Income!X$66)*'Input data'!$B$8*'Input data'!$E$26+'Input data'!$B$9+'Input data'!$B$18+'Input data'!$B$21) -> 67528362 | H4: =Disability!Z$66*EXP('Input data'!$B$4+'Input data'!$B$7+(1+Income!Y$66)*'Input data'!$B$8*'Input data'!$E$26+'Input data'!$B$9+'Input data'!$B$18+'Input data'!$B$21) -> 67046713 | I4: =Disability!AA$66*EXP('Input data'!$B$4+'Input data'!$B$7+(1+Income!Z$66)*'Input data'!$B$8*'Input data'!$E$26+'Input data'!$B$9+'Input data'!$B$18+'Input data'!$B$21) -> 66564862 | J4: =Disability!AB$66*EXP('Input data'!$B$4+'Input data'!$B$7+(1+Income!AA$66)*'Input data'!$B$8*'Input data'!$E$26+'Input data'!$B$9+'Input data'!$B$18+'Input data'!$B$21) -> 65807051 | K4: =Disability!AC$66*EXP('Input data'!$B$4+'Input data'!$B$7+(1+Income!AB$66)*'Input data'!$B$8*'Input data'!$E$26+'Input data'!$B$9+'Input data'!$B$18+'Input data'!$B$21) -> 65566746 | L4: =Disability!AD$66*EXP('Input data'!$B$4+'Input data'!$B$7+(1+Income!AC$66)*'Input data'!$B$8*'Input data'!$E$26+'Input data'!$B$9+'Input data'!$B$18+'Input data'!$B$21) -> 65089162 | ... O4: =Disability!AG$66*EXP('Input data'!$B$4+'Input data'!$B$7+(1+Income!AF$66)*'Input data'!$B$8*'Input data'!$E$26+'Input data'!$B$9+'Input data'!$B$18+'Input data'!$B$21) -> 63617828
A5: 45-54 | B5: males | C5: some or severe | D5: Lithuania | E5: =Disability!W$67*EXP('Input data'!$B$4+'Input data'!$B$7+(1+Income!V$67)*'Input data'!$B$8*'Input data'!$E$27+'Input data'!$B$9+'Input data'!$B$19+'Input data'!$B$21) -> 96638157 | F5: =Disability!X$67*EXP('Input data'!$B$4+'Input data'!$B$7+(1+Income!W$67)*'Input data'!$B$8*'Input data'!$E$27+'Input data'!$B$9+'Input data'!$B$19+'Input data'!$B$21) -> 96853502 | G5: =Disability!Y$67*EXP('Input data'!$B$4+'Input data'!$B$7+(1+Income!X$67)*'Input data'!$B$8*'Input data'!$E$27+'Input data'!$B$9+'Input data'!$B$19+'Input data'!$B$21) -> 97350064 | H5: =Disability!Z$67*EXP('Input data'!$B$4+'Input data'!$B$7+(1+Income!Y$67)*'Input data'!$B$8*'Input data'!$E$27+'Input data'!$B$9+'Input data'!$B$19+'Input data'!$B$21) -> 97846324 | I5: =Disability!AA$67*EXP('Input data'!$B$4+'Input data'!$B$7+(1+Income!Z$67)*'Input data'!$B$8*'Input data'!$E$27+'Input data'!$B$9+'Input data'!$B$19+'Input data'!$B$21) -> 98342317 | J5: =Disability!AB$67*EXP('Input data'!$B$4+'Input data'!$B$7+(1+Income!AA$67)*'Input data'!$B$8*'Input data'!$E$27+'Input data'!$B$9+'Input data'!$B$19+'Input data'!$B$21) -> 98444560 | K5: =Disability!AC$67*EXP('Input data'!$B$4+'Input data'!$B$7+(1+Income!AB$67)*'Input data'!$B$8*'Input data'!$E$27+'Input data'!$B$9+'Input data'!$B$19+'Input data'!$B$21) -> 99265866 | L5: =Disability!AD$67*EXP('Input data'!$B$4+'Input data'!$B$7+(1+Income!AC$67)*'Input data'!$B$8*'Input data'!$E$27+'Input data'!$B$9+'Input data'!$B$19+'Input data'!$B$21) -> 99771051 | ... O5: =Disability!AG$67*EXP('Input data'!$B$4+'Input data'!$B$7+(1+Income!AF$67)*'Input data'!$B$8*'Input data'!$E$27+'Input data'!$B$9+'Input data'!$B$19+'Input data'!$B$21) -> 1.0125484e+08
A6: 45-54 | B6: females | C6: some or severe | D6: Estonia | E6: =Disability!W$68*EXP('Input data'!$B$5+'Input data'!$B$7+(1+Income!V$68)*'Input data'!$B$8*'Input data'!$E$28+'Input data'!$B$9+'Input data'!$B$17+'Input data'!$B$21) -> 33092688 | F6: =Disability!X$68*EXP('Input data'!$B$5+'Input data'!$B$7+(1+Income!W$68)*'Input data'!$B$8*'Input data'!$E$28+'Input data'!$B$9+'Input data'!$B$17+'Input data'!$B$21) -> 32961616 | G6: =Disability!Y$68*EXP('Input data'!$B$5+'Input data'!$B$7+(1+Income!X$68)*'Input data'!$B$8*'Input data'!$E$28+'Input data'!$B$9+'Input data'!$B$17+'Input data'!$B$21) -> 32802371 | H6: =Disability!Z$68*EXP('Input data'!$B$5+'Input data'!$B$7+(1+Income!Y$68)*'Input data'!$B$8*'Input data'!$E$28+'Input data'!$B$9+'Input data'!$B$17+'Input data'!$B$21) -> 32643037 | I6: =Disability!AA$68*EXP('Input data'!$B$5+'Input data'!$B$7+(1+Income!Z$68)*'Input data'!$B$8*'Input data'!$E$28+'Input data'!$B$9+'Input data'!$B$17+'Input data'!$B$21) -> 32483622 | J6: =Disability!AB$68*EXP('Input data'!$B$5+'Input data'!$B$7+(1+Income!AA$68)*'Input data'!$B$8*'Input data'!$E$28+'Input data'!$B$9+'Input data'!$B$17+'Input data'!$B$21) -> 32266929 | K6: =Disability!AC$68*EXP('Input data'!$B$5+'Input data'!$B$7+(1+Income!AB$68)*'Input data'!$B$8*'Input data'!$E$28+'Input data'!$B$9+'Input data'!$B$17+'Input data'!$B$21) -> 32166729 | L6: =Disability!AD$68*EXP('Input data'!$B$5+'Input data'!$B$7+(1+Income!AC$68)*'Input data'!$B$8*'Input data'!$E$28+'Input data'!$B$9+'Input data'!$B$17+'Input data'!$B$21) -> 31986012 | ... O6: =Disability!AG$68*EXP('Input data'!$B$5+'Input data'!$B$7+(1+Income!AF$68)*'Input data'!$B$8*'Input data'!$E$28+'Input data'!$B$9+'Input data'!$B$17+'Input data'!$B$21) -> 31526965
A7: 45-54 | B7: females | C7: some or severe | D7: Latvia | E7: =Disability!W$69*EXP('Input data'!$B$5+'Input data'!$B$7+(1+Income!V$69)*'Input data'!$B$8*'Input data'!$E$29+'Input data'!$B$9+'Input data'!$B$18+'Input data'!$B$21) -> 68031397 | F7: =Disability!X$69*EXP('Input data'!$B$5+'Input data'!$B$7+(1+Income!W$69)*'Input data'!$B$8*'Input data'!$E$29+'Input data'!$B$9+'Input data'!$B$18+'Input data'!$B$21) -> 67194476 | G7: =Disability!Y$69*EXP('Input data'!$B$5+'Input data'!$B$7+(1+Income!X$69)*'Input data'!$B$8*'Input data'!$E$29+'Input data'!$B$9+'Input data'!$B$18+'Input data'!$B$21) -> 66576898 | H7: =Disability!Z$69*EXP('Input data'!$B$5+'Input data'!$B$7+(1+Income!Y$69)*'Input data'!$B$8*'Input data'!$E$29+'Input data'!$B$9+'Input data'!$B$18+'Input data'!$B$21) -> 65959160 | I7: =Disability!AA$69*EXP('Input data'!$B$5+'Input data'!$B$7+(1+Income!Z$69)*'Input data'!$B$8*'Input data'!$E$29+'Input data'!$B$9+'Input data'!$B$18+'Input data'!$B$21) -> 65341279 | J7: =Disability!AB$69*EXP('Input data'!$B$5+'Input data'!$B$7+(1+Income!AA$69)*'Input data'!$B$8*'Input data'!$E$29+'Input data'!$B$9+'Input data'!$B$18+'Input data'!$B$21) -> 64499293 | K7: =Disability!AC$69*EXP('Input data'!$B$5+'Input data'!$B$7+(1+Income!AB$69)*'Input data'!$B$8*'Input data'!$E$29+'Input data'!$B$9+'Input data'!$B$18+'Input data'!$B$21) -> 64090229 | L7: =Disability!AD$69*EXP('Input data'!$B$5+'Input data'!$B$7+(1+Income!AC$69)*'Input data'!$B$8*'Input data'!$E$29+'Input data'!$B$9+'Input data'!$B$18+'Input data'!$B$21) -> 63470351 | ... O7: =Disability!AG$69*EXP('Input data'!$B$5+'Input data'!$B$7+(1+Income!AF$69)*'Input data'!$B$8*'Input data'!$E$29+'Input data'!$B$9+'Input data'!$B$18+'Input data'!$B$21) -> 61593655
A8: 45-54 | B8: females | C8: some or severe | D8: Lithuania | E8: =Disability!W$70*EXP('Input data'!$B$5+'Input data'!$B$7+(1+Income!V$70)*'Input data'!$B$8*'Input data'!$E$30+'Input data'!$B$9+'Input data'!$B$19+'Input data'!$B$21) -> 70249105 | F8: =Disability!X$70*EXP('Input data'!$B$5+'Input data'!$B$7+(1+Income!W$70)*'Input data'!$B$8*'Input data'!$E$30+'Input data'!$B$9+'Input data'!$B$19+'Input data'!$B$21) -> 68332321 | G8: =Disability!Y$70*EXP('Input data'!$B$5+'Input data'!$B$7+(1+Income!X$70)*'Input data'!$B$8*'Input data'!$E$30+'Input data'!$B$9+'Input data'!$B$19+'Input data'!$B$21) -> 66517464 | H8: =Disability!Z$70*EXP('Input data'!$B$5+'Input data'!$B$7+(1+Income!Y$70)*'Input data'!$B$8*'Input data'!$E$30+'Input data'!$B$9+'Input data'!$B$19+'Input data'!$B$21) -> 64702328 | I8: =Disability!AA$70*EXP('Input data'!$B$5+'Input data'!$B$7+(1+Income!Z$70)*'Input data'!$B$8*'Input data'!$E$30+'Input data'!$B$9+'Input data'!$B$19+'Input data'!$B$21) -> 62886941 | J8: =Disability!AB$70*EXP('Input data'!$B$5+'Input data'!$B$7+(1+Income!AA$70)*'Input data'!$B$8*'Input data'!$E$30+'Input data'!$B$9+'Input data'!$B$19+'Input data'!$B$21) -> 60907854 | K8: =Disability!AC$70*EXP('Input data'!$B$5+'Input data'!$B$7+(1+Income!AB$70)*'Input data'!$B$8*'Input data'!$E$30+'Input data'!$B$9+'Input data'!$B$19+'Input data'!$B$21) -> 59228313 | L8: =Disability!AD$70*EXP('Input data'!$B$5+'Input data'!$B$7+(1+Income!AC$70)*'Input data'!$B$8*'Input data'!$E$30+'Input data'!$B$9+'Input data'!$B$19+'Input data'!$B$21) -> 57416745 | ... O8: =Disability!AG$70*EXP('Input data'!$B$5+'Input data'!$B$7+(1+Income!AF$70)*'Input data'!$B$8*'Input data'!$E$30+'Input data'!$B$9+'Input data'!$B$19+'Input data'!$B$21) -> 51974015
A9: 55-64 | B9: males | C9: some or severe | D9: Estonia | E9: =Disability!W$71*EXP('Input data'!$B$4+'Input data'!$B$7+(1+Income!V$71)*'Input data'!$B$8*'Input data'!$E$31+'Input data'!$B$10+'Input data'!$B$17+'Input data'!$B$21) -> 77772054 | F9: =Disability!X$71*EXP('Input data'!$B$4+'Input data'!$B$7+(1+Income!W$71)*'Input data'!$B$8*'Input data'!$E$31+'Input data'!$B$10+'Input data'!$B$17+'Input data'!$B$21) -> 78255256 | G9: =Disability!Y$71*EXP('Input data'!$B$4+'Input data'!$B$7+(1+Income!X$71)*'Input data'!$B$8*'Input data'!$E$31+'Input data'!$B$10+'Input data'!$B$17+'Input data'!$B$21) -> 78671807 | H9: =Disability!Z$71*EXP('Input data'!$B$4+'Input data'!$B$7+(1+Income!Y$71)*'Input data'!$B$8*'Input data'!$E$31+'Input data'!$B$10+'Input data'!$B$17+'Input data'!$B$21) -> 79088118 | I9: =Disability!AA$71*EXP('Input data'!$B$4+'Input data'!$B$7+(1+Income!Z$71)*'Input data'!$B$8*'Input data'!$E$31+'Input data'!$B$10+'Input data'!$B$17+'Input data'!$B$21) -> 79504211 | J9: =Disability!AB$71*EXP('Input data'!$B$4+'Input data'!$B$7+(1+Income!AA$71)*'Input data'!$B$8*'Input data'!$E$31+'Input data'!$B$10+'Input data'!$B$17+'Input data'!$B$21) -> 79585606 | K9: =Disability!AC$71*EXP('Input data'!$B$4+'Input data'!$B$7+(1+Income!AB$71)*'Input data'!$B$8*'Input data'!$E$31+'Input data'!$B$10+'Input data'!$B$17+'Input data'!$B$21) -> 80353808 | L9: =Disability!AD$71*EXP('Input data'!$B$4+'Input data'!$B$7+(1+Income!AC$71)*'Input data'!$B$8*'Input data'!$E$31+'Input data'!$B$10+'Input data'!$B$17+'Input data'!$B$21) -> 80703855 | ... O9: =Disability!AG$71*EXP('Input data'!$B$4+'Input data'!$B$7+(1+Income!AF$71)*'Input data'!$B$8*'Input data'!$E$31+'Input data'!$B$10+'Input data'!$B$17+'Input data'!$B$21) -> 81994046
A10: 55-64 | B10: males | C10: some or severe | D10: Latvia | E10: =Disability!W$72*EXP('Input data'!$B$4+'Input data'!$B$7+(1+Income!V$72)*'Input data'!$B$8*'Input data'!$E$32+'Input data'!$B$10+'Input data'!$B$18+'Input data'!$B$21) -> 1.5065315e+08 | F10: =Disability!X$72*EXP('Input data'!$B$4+'Input data'!$B$7+(1+Income!W$72)*'Input data'!$B$8*'Input data'!$E$32+'Input data'!$B$10+'Input data'!$B$18+'Input data'!$B$21) -> 1.5218577e+08 | G10: =Disability!Y$72*EXP('Input data'!$B$4+'Input data'!$B$7+(1+Income!X$72)*'Input data'!$B$8*'Input data'!$E$32+'Input data'!$B$10+'Input data'!$B$18+'Input data'!$B$21) -> 1.5419141e+08 | H10: =Disability!Z$72*EXP('Input data'!$B$4+'Input data'!$B$7+(1+Income!Y$72)*'Input data'!$B$8*'Input data'!$E$32+'Input data'!$B$10+'Input data'!$B$18+'Input data'!$B$21) -> 1.5619691e+08 | I10: =Disability!AA$72*EXP('Input data'!$B$4+'Input data'!$B$7+(1+Income!Z$72)*'Input data'!$B$8*'Input data'!$E$32+'Input data'!$B$10+'Input data'!$B$18+'Input data'!$B$21) -> 1.5820228e+08 | J10: =Disability!AB$72*EXP('Input data'!$B$4+'Input data'!$B$7+(1+Income!AA$72)*'Input data'!$B$8*'Input data'!$E$32+'Input data'!$B$10+'Input data'!$B$18+'Input data'!$B$21) -> 1.5983677e+08 | K10: =Disability!AC$72*EXP('Input data'!$B$4+'Input data'!$B$7+(1+Income!AB$72)*'Input data'!$B$8*'Input data'!$E$32+'Input data'!$B$10+'Input data'!$B$18+'Input data'!$B$21) -> 1.621699e+08 | L10: =Disability!AD$72*EXP('Input data'!$B$4+'Input data'!$B$7+(1+Income!AC$72)*'Input data'!$B$8*'Input data'!$E$32+'Input data'!$B$10+'Input data'!$B$18+'Input data'!$B$21) -> 1.6416015e+08 | ... O10: =Disability!AG$72*EXP('Input data'!$B$4+'Input data'!$B$7+(1+Income!AF$72)*'Input data'!$B$8*'Input data'!$E$32+'Input data'!$B$10+'Input data'!$B$18+'Input data'!$B$21) -> 1.7013252e+08
A11: 55-64 | B11: males | C11: some or severe | D11: Lithuania | E11: =Disability!W$73*EXP('Input data'!$B$4+'Input data'!$B$7+(1+Income!V$73)*'Input data'!$B$8*'Input data'!$E$33+'Input data'!$B$10+'Input data'!$B$19+'Input data'!$B$21) -> 2.227019e+08 | F11: =Disability!X$73*EXP('Input data'!$B$4+'Input data'!$B$7+(1+Income!W$73)*'Input data'!$B$8*'Input data'!$E$33+'Input data'!$B$10+'Input data'!$B$19+'Input data'!$B$21) -> 2.2628454e+08 | G11: =Disability!Y$73*EXP('Input data'!$B$4+'Input data'!$B$7+(1+Income!X$73)*'Input data'!$B$8*'Input data'!$E$33+'Input data'!$B$10+'Input data'!$B$19+'Input data'!$B$21) -> 2.2901444e+08 | H11: =Disability!Z$73*EXP('Input data'!$B$4+'Input data'!$B$7+(1+Income!Y$73)*'Input data'!$B$8*'Input data'!$E$33+'Input data'!$B$10+'Input data'!$B$19+'Input data'!$B$21) -> 2.3174396e+08 | I11: =Disability!AA$73*EXP('Input data'!$B$4+'Input data'!$B$7+(1+Income!Z$73)*'Input data'!$B$8*'Input data'!$E$33+'Input data'!$B$10+'Input data'!$B$19+'Input data'!$B$21) -> 2.3447313e+08 | J11: =Disability!AB$73*EXP('Input data'!$B$4+'Input data'!$B$7+(1+Income!AA$73)*'Input data'!$B$8*'Input data'!$E$33+'Input data'!$B$10+'Input data'!$B$19+'Input data'!$B$21) -> 2.361574e+08 | K11: =Disability!AC$73*EXP('Input data'!$B$4+'Input data'!$B$7+(1+Income!AB$73)*'Input data'!$B$8*'Input data'!$E$33+'Input data'!$B$10+'Input data'!$B$19+'Input data'!$B$21) -> 2.3976344e+08 | L11: =Disability!AD$73*EXP('Input data'!$B$4+'Input data'!$B$7+(1+Income!AC$73)*'Input data'!$B$8*'Input data'!$E$33+'Input data'!$B$10+'Input data'!$B$19+'Input data'!$B$21) -> 2.4262763e+08 | ... O11: =Disability!AG$73*EXP('Input data'!$B$4+'Input data'!$B$7+(1+Income!AF$73)*'Input data'!$B$8*'Input data'!$E$33+'Input data'!$B$10+'Input data'!$B$19+'Input data'!$B$21) -> 2.5089726e+08
A12: 55-64 | B12: females | C12: some or severe | D12: Estonia | E12: =Disability!W$74*EXP('Input data'!$B$5+'Input data'!$B$7+(1+Income!V$74)*'Input data'!$B$8*'Input data'!$E$34+'Input data'!$B$10+'Input data'!$B$17+'Input data'!$B$21) -> 71780776 | F12: =Disability!X$74*EXP('Input data'!$B$5+'Input data'!$B$7+(1+Income!W$74)*'Input data'!$B$8*'Input data'!$E$34+'Input data'!$B$10+'Input data'!$B$17+'Input data'!$B$21) -> 71263682 | G12: =Disability!Y$74*EXP('Input data'!$B$5+'Input data'!$B$7+(1+Income!X$74)*'Input data'!$B$8*'Input data'!$E$34+'Input data'!$B$10+'Input data'!$B$17+'Input data'!$B$21) -> 70826634 | H12: =Disability!Z$74*EXP('Input data'!$B$5+'Input data'!$B$7+(1+Income!Y$74)*'Input data'!$B$8*'Input data'!$E$34+'Input data'!$B$10+'Input data'!$B$17+'Input data'!$B$21) -> 70389229 | I12: =Disability!AA$74*EXP('Input data'!$B$5+'Input data'!$B$7+(1+Income!Z$74)*'Input data'!$B$8*'Input data'!$E$34+'Input data'!$B$10+'Input data'!$B$17+'Input data'!$B$21) -> 69951502 | J12: =Disability!AB$74*EXP('Input data'!$B$5+'Input data'!$B$7+(1+Income!AA$74)*'Input data'!$B$8*'Input data'!$E$34+'Input data'!$B$10+'Input data'!$B$17+'Input data'!$B$21) -> 69252242 | K12: =Disability!AC$74*EXP('Input data'!$B$5+'Input data'!$B$7+(1+Income!AB$74)*'Input data'!$B$8*'Input data'!$E$34+'Input data'!$B$10+'Input data'!$B$17+'Input data'!$B$21) -> 69075254 | L12: =Disability!AD$74*EXP('Input data'!$B$5+'Input data'!$B$7+(1+Income!AC$74)*'Input data'!$B$8*'Input data'!$E$34+'Input data'!$B$10+'Input data'!$B$17+'Input data'!$B$21) -> 68575470 | ... O12: =Disability!AG$74*EXP('Input data'!$B$5+'Input data'!$B$7+(1+Income!AF$74)*'Input data'!$B$8*'Input data'!$E$34+'Input data'!$B$10+'Input data'!$B$17+'Input data'!$B$21) -> 67300180
A13: 55-64 | B13: females | C13: some or severe | D13: Latvia | E13: =Disability!W$75*EXP('Input data'!$B$5+'Input data'!$B$7+(1+Income!V$75)*'Input data'!$B$8*'Input data'!$E$35+'Input data'!$B$10+'Input data'!$B$18+'Input data'!$B$21) -> 1.5803268e+08 | F13: =Disability!X$75*EXP('Input data'!$B$5+'Input data'!$B$7+(1+Income!W$75)*'Input data'!$B$8*'Input data'!$E$35+'Input data'!$B$10+'Input data'!$B$18+'Input data'!$B$21) -> 1.5766545e+08 | G13: =Disability!Y$75*EXP('Input data'!$B$5+'Input data'!$B$7+(1+Income!X$75)*'Input data'!$B$8*'Input data'!$E$35+'Input data'!$B$10+'Input data'!$B$18+'Input data'!$B$21) -> 1.5779844e+08 | H13: =Disability!Z$75*EXP('Input data'!$B$5+'Input data'!$B$7+(1+Income!Y$75)*'Input data'!$B$8*'Input data'!$E$35+'Input data'!$B$10+'Input data'!$B$18+'Input data'!$B$21) -> 1.5793119e+08 | I13: =Disability!AA$75*EXP('Input data'!$B$5+'Input data'!$B$7+(1+Income!Z$75)*'Input data'!$B$8*'Input data'!$E$35+'Input data'!$B$10+'Input data'!$B$18+'Input data'!$B$21) -> 1.5806373e+08 | J13: =Disability!AB$75*EXP('Input data'!$B$5+'Input data'!$B$7+(1+Income!AA$75)*'Input data'!$B$8*'Input data'!$E$35+'Input data'!$B$10+'Input data'!$B$18+'Input data'!$B$21) -> 1.5793968e+08 | K13: =Disability!AC$75*EXP('Input data'!$B$5+'Input data'!$B$7+(1+Income!AB$75)*'Input data'!$B$8*'Input data'!$E$35+'Input data'!$B$10+'Input data'!$B$18+'Input data'!$B$21) -> 1.582879e+08 | L13: =Disability!AD$75*EXP('Input data'!$B$5+'Input data'!$B$7+(1+Income!AC$75)*'Input data'!$B$8*'Input data'!$E$35+'Input data'!$B$10+'Input data'!$B$18+'Input data'!$B$21) -> 1.5843407e+08 | ... O13: =Disability!AG$75*EXP('Input data'!$B$5+'Input data'!$B$7+(1+Income!AF$75)*'Input data'!$B$8*'Input data'!$E$35+'Input data'!$B$10+'Input data'!$B$18+'Input data'!$B$21) -> 1.5876757e+08
A14: 55-64 | B14: females | C14: some or severe | D14: Lithuania | E14: =Disability!W$76*EXP('Input data'!$B$5+'Input data'!$B$7+(1+Income!V$76)*'Input data'!$B$8*'Input data'!$E$36+'Input data'!$B$10+'Input data'!$B$19+'Input data'!$B$21) -> 2.2475502e+08 | F14: =Disability!X$76*EXP('Input data'!$B$5+'Input data'!$B$7+(1+Income!W$76)*'Input data'!$B$8*'Input data'!$E$36+'Input data'!$B$10+'Input data'!$B$19+'Input data'!$B$21) -> 2.2544921e+08 | G14: =Disability!Y$76*EXP('Input data'!$B$5+'Input data'!$B$7+(1+Income!X$76)*'Input data'!$B$8*'Input data'!$E$36+'Input data'!$B$10+'Input data'!$B$19+'Input data'!$B$21) -> 2.2613213e+08 | H14: =Disability!Z$76*EXP('Input data'!$B$5+'Input data'!$B$7+(1+Income!Y$76)*'Input data'!$B$8*'Input data'!$E$36+'Input data'!$B$10+'Input data'!$B$19+'Input data'!$B$21) -> 2.2681442e+08 | I14: =Disability!AA$76*EXP('Input data'!$B$5+'Input data'!$B$7+(1+Income!Z$76)*'Input data'!$B$8*'Input data'!$E$36+'Input data'!$B$10+'Input data'!$B$19+'Input data'!$B$21) -> 2.2749613e+08 | J14: =Disability!AB$76*EXP('Input data'!$B$5+'Input data'!$B$7+(1+Income!AA$76)*'Input data'!$B$8*'Input data'!$E$36+'Input data'!$B$10+'Input data'!$B$19+'Input data'!$B$21) -> 2.2716296e+08 | K14: =Disability!AC$76*EXP('Input data'!$B$5+'Input data'!$B$7+(1+Income!AB$76)*'Input data'!$B$8*'Input data'!$E$36+'Input data'!$B$10+'Input data'!$B$19+'Input data'!$B$21) -> 2.2867344e+08 | L14: =Disability!AD$76*EXP('Input data'!$B$5+'Input data'!$B$7+(1+Income!AC$76)*'Input data'!$B$8*'Input data'!$E$36+'Input data'!$B$10+'Input data'!$B$19+'Input data'!$B$21) -> 2.2944485e+08 | ... O14: =Disability!AG$76*EXP('Input data'!$B$5+'Input data'!$B$7+(1+Income!AF$76)*'Input data'!$B$8*'Input data'!$E$36+'Input data'!$B$10+'Input data'!$B$19+'Input data'!$B$21) -> 2.3153027e+08
A15: 65-74 | B15: males | C15: some or severe | D15: Estonia | E15: =Disability!W$77*EXP('Input data'!$B$4+'Input data'!$B$7+(1+Income!V$77)*'Input data'!$B$8*'Input data'!$E$37+'Input data'!$B$11+'Input data'!$B$17+'Input data'!$B$21) -> 46234076 | F15: =Disability!X$77*EXP('Input data'!$B$4+'Input data'!$B$7+(1+Income!W$77)*'Input data'!$B$8*'Input data'!$E$37+'Input data'!$B$11+'Input data'!$B$17+'Input data'!$B$21) -> 46449645 | G15: =Disability!Y$77*EXP('Input data'!$B$4+'Input data'!$B$7+(1+Income!X$77)*'Input data'!$B$8*'Input data'!$E$37+'Input data'!$B$11+'Input data'!$B$17+'Input data'!$B$21) -> 46743686 | H15: =Disability!Z$77*EXP('Input data'!$B$4+'Input data'!$B$7+(1+Income!Y$77)*'Input data'!$B$8*'Input data'!$E$37+'Input data'!$B$11+'Input data'!$B$17+'Input data'!$B$21) -> 47037597 | I15: =Disability!AA$77*EXP('Input data'!$B$4+'Input data'!$B$7+(1+Income!Z$77)*'Input data'!$B$8*'Input data'!$E$37+'Input data'!$B$11+'Input data'!$B$17+'Input data'!$B$21) -> 47331392 | J15: =Disability!AB$77*EXP('Input data'!$B$4+'Input data'!$B$7+(1+Income!AA$77)*'Input data'!$B$8*'Input data'!$E$37+'Input data'!$B$11+'Input data'!$B$17+'Input data'!$B$21) -> 47478983 | K15: =Disability!AC$77*EXP('Input data'!$B$4+'Input data'!$B$7+(1+Income!AB$77)*'Input data'!$B$8*'Input data'!$E$37+'Input data'!$B$11+'Input data'!$B$17+'Input data'!$B$21) -> 47917564 | L15: =Disability!AD$77*EXP('Input data'!$B$4+'Input data'!$B$7+(1+Income!AC$77)*'Input data'!$B$8*'Input data'!$E$37+'Input data'!$B$11+'Input data'!$B$17+'Input data'!$B$21) -> 48187438 | ... O15: =Disability!AG$77*EXP('Input data'!$B$4+'Input data'!$B$7+(1+Income!AF$77)*'Input data'!$B$8*'Input data'!$E$37+'Input data'!$B$11+'Input data'!$B$17+'Input data'!$B$21) -> 49075883
A16: 65-74 | B16: males | C16: some or severe | D16: Latvia | E16: =Disability!W$78*EXP('Input data'!$B$4+'Input data'!$B$7+(1+Income!V$78)*'Input data'!$B$8*'Input data'!$E$38+'Input data'!$B$11+'Input data'!$B$18+'Input data'!$B$21) -> 84467506 | F16: =Disability!X$78*EXP('Input data'!$B$4+'Input data'!$B$7+(1+Income!W$78)*'Input data'!$B$8*'Input data'!$E$38+'Input data'!$B$11+'Input data'!$B$18+'Input data'!$B$21) -> 84649628 | G16: =Disability!Y$78*EXP('Input data'!$B$4+'Input data'!$B$7+(1+Income!X$78)*'Input data'!$B$8*'Input data'!$E$38+'Input data'!$B$11+'Input data'!$B$18+'Input data'!$B$21) -> 85061018 | H16: =Disability!Z$78*EXP('Input data'!$B$4+'Input data'!$B$7+(1+Income!Y$78)*'Input data'!$B$8*'Input data'!$E$38+'Input data'!$B$11+'Input data'!$B$18+'Input data'!$B$21) -> 85472298 | I16: =Disability!AA$78*EXP('Input data'!$B$4+'Input data'!$B$7+(1+Income!Z$78)*'Input data'!$B$8*'Input data'!$E$38+'Input data'!$B$11+'Input data'!$B$18+'Input data'!$B$21) -> 85883479 | J16: =Disability!AB$78*EXP('Input data'!$B$4+'Input data'!$B$7+(1+Income!AA$78)*'Input data'!$B$8*'Input data'!$E$38+'Input data'!$B$11+'Input data'!$B$18+'Input data'!$B$21) -> 86193128 | K16: =Disability!AC$78*EXP('Input data'!$B$4+'Input data'!$B$7+(1+Income!AB$78)*'Input data'!$B$8*'Input data'!$E$38+'Input data'!$B$11+'Input data'!$B$18+'Input data'!$B$21) -> 86679652 | L16: =Disability!AD$78*EXP('Input data'!$B$4+'Input data'!$B$7+(1+Income!AC$78)*'Input data'!$B$8*'Input data'!$E$38+'Input data'!$B$11+'Input data'!$B$18+'Input data'!$B$21) -> 87085387 | ... O16: =Disability!AG$78*EXP('Input data'!$B$4+'Input data'!$B$7+(1+Income!AF$78)*'Input data'!$B$8*'Input data'!$E$38+'Input data'!$B$11+'Input data'!$B$18+'Input data'!$B$21) -> 88307056
A17: 65-74 | B17: males | C17: some or severe | D17: Lithuania | E17: =Disability!W$79*EXP('Input data'!$B$4+'Input data'!$B$7+(1+Income!V$79)*'Input data'!$B$8*'Input data'!$E$39+'Input data'!$B$11+'Input data'!$B$19+'Input data'!$B$21) -> 1.1936202e+08 | F17: =Disability!X$79*EXP('Input data'!$B$4+'Input data'!$B$7+(1+Income!W$79)*'Input data'!$B$8*'Input data'!$E$39+'Input data'!$B$11+'Input data'!$B$19+'Input data'!$B$21) -> 1.1928429e+08 | G17: =Disability!Y$79*EXP('Input data'!$B$4+'Input data'!$B$7+(1+Income!X$79)*'Input data'!$B$8*'Input data'!$E$39+'Input data'!$B$11+'Input data'!$B$19+'Input data'!$B$21) -> 1.191006e+08 | H17: =Disability!Z$79*EXP('Input data'!$B$4+'Input data'!$B$7+(1+Income!Y$79)*'Input data'!$B$8*'Input data'!$E$39+'Input data'!$B$11+'Input data'!$B$19+'Input data'!$B$21) -> 1.1891667e+08 | I17: =Disability!AA$79*EXP('Input data'!$B$4+'Input data'!$B$7+(1+Income!Z$79)*'Input data'!$B$8*'Input data'!$E$39+'Input data'!$B$11+'Input data'!$B$19+'Input data'!$B$21) -> 1.187325e+08 | J17: =Disability!AB$79*EXP('Input data'!$B$4+'Input data'!$B$7+(1+Income!AA$79)*'Input data'!$B$8*'Input data'!$E$39+'Input data'!$B$11+'Input data'!$B$19+'Input data'!$B$21) -> 1.1812178e+08 | K17: =Disability!AC$79*EXP('Input data'!$B$4+'Input data'!$B$7+(1+Income!AB$79)*'Input data'!$B$8*'Input data'!$E$39+'Input data'!$B$11+'Input data'!$B$19+'Input data'!$B$21) -> 1.1829485e+08 | L17: =Disability!AD$79*EXP('Input data'!$B$4+'Input data'!$B$7+(1+Income!AC$79)*'Input data'!$B$8*'Input data'!$E$39+'Input data'!$B$11+'Input data'!$B$19+'Input data'!$B$21) -> 1.1814479e+08 | ... O17: =Disability!AG$79*EXP('Input data'!$B$4+'Input data'!$B$7+(1+Income!AF$79)*'Input data'!$B$8*'Input data'!$E$39+'Input data'!$B$11+'Input data'!$B$19+'Input data'!$B$21) -> 1.1761661e+08
A18: 65-74 | B18: females | C18: some or severe | D18: Estonia | E18: =Disability!W$80*EXP('Input data'!$B$5+'Input data'!$B$7+(1+Income!V$80)*'Input data'!$B$8*'Input data'!$E$40+'Input data'!$B$11+'Input data'!$B$17+'Input data'!$B$21) -> 55993400 | F18: =Disability!X$80*EXP('Input data'!$B$5+'Input data'!$B$7+(1+Income!W$80)*'Input data'!$B$8*'Input data'!$E$40+'Input data'!$B$11+'Input data'!$B$17+'Input data'!$B$21) -> 55285029 | G18: =Disability!Y$80*EXP('Input data'!$B$5+'Input data'!$B$7+(1+Income!X$80)*'Input data'!$B$8*'Input data'!$E$40+'Input data'!$B$11+'Input data'!$B$17+'Input data'!$B$21) -> 54672486 | H18: =Disability!Z$80*EXP('Input data'!$B$5+'Input data'!$B$7+(1+Income!Y$80)*'Input data'!$B$8*'Input data'!$E$40+'Input data'!$B$11+'Input data'!$B$17+'Input data'!$B$21) -> 54059725 | I18: =Disability!AA$80*EXP('Input data'!$B$5+'Input data'!$B$7+(1+Income!Z$80)*'Input data'!$B$8*'Input data'!$E$40+'Input data'!$B$11+'Input data'!$B$17+'Input data'!$B$21) -> 53446769 | J18: =Disability!AB$80*EXP('Input data'!$B$5+'Input data'!$B$7+(1+Income!AA$80)*'Input data'!$B$8*'Input data'!$E$40+'Input data'!$B$11+'Input data'!$B$17+'Input data'!$B$21) -> 52694634 | K18: =Disability!AC$80*EXP('Input data'!$B$5+'Input data'!$B$7+(1+Income!AB$80)*'Input data'!$B$8*'Input data'!$E$40+'Input data'!$B$11+'Input data'!$B$17+'Input data'!$B$21) -> 52219934 | L18: =Disability!AD$80*EXP('Input data'!$B$5+'Input data'!$B$7+(1+Income!AC$80)*'Input data'!$B$8*'Input data'!$E$40+'Input data'!$B$11+'Input data'!$B$17+'Input data'!$B$21) -> 51584594 | ... O18: =Disability!AG$80*EXP('Input data'!$B$5+'Input data'!$B$7+(1+Income!AF$80)*'Input data'!$B$8*'Input data'!$E$40+'Input data'!$B$11+'Input data'!$B$17+'Input data'!$B$21) -> 49750012
A19: 65-74 | B19: females | C19: some or severe | D19: Latvia | E19: =Disability!W$81*EXP('Input data'!$B$5+'Input data'!$B$7+(1+Income!V$81)*'Input data'!$B$8*'Input data'!$E$38+'Input data'!$B$11+'Input data'!$B$18+'Input data'!$B$21) -> 1.195437e+08 | F19: =Disability!X$81*EXP('Input data'!$B$5+'Input data'!$B$7+(1+Income!W$81)*'Input data'!$B$8*'Input data'!$E$38+'Input data'!$B$11+'Input data'!$B$18+'Input data'!$B$21) -> 1.1852528e+08 | G19: =Disability!Y$81*EXP('Input data'!$B$5+'Input data'!$B$7+(1+Income!X$81)*'Input data'!$B$8*'Input data'!$E$38+'Input data'!$B$11+'Input data'!$B$18+'Input data'!$B$21) -> 1.1785732e+08 | H19: =Disability!Z$81*EXP('Input data'!$B$5+'Input data'!$B$7+(1+Income!Y$81)*'Input data'!$B$8*'Input data'!$E$38+'Input data'!$B$11+'Input data'!$B$18+'Input data'!$B$21) -> 1.1718918e+08 | I19: =Disability!AA$81*EXP('Input data'!$B$5+'Input data'!$B$7+(1+Income!Z$81)*'Input data'!$B$8*'Input data'!$E$38+'Input data'!$B$11+'Input data'!$B$18+'Input data'!$B$21) -> 1.1652086e+08 | J19: =Disability!AB$81*EXP('Input data'!$B$5+'Input data'!$B$7+(1+Income!AA$81)*'Input data'!$B$8*'Input data'!$E$38+'Input data'!$B$11+'Input data'!$B$18+'Input data'!$B$21) -> 1.1570241e+08 | K19: =Disability!AC$81*EXP('Input data'!$B$5+'Input data'!$B$7+(1+Income!AB$81)*'Input data'!$B$8*'Input data'!$E$38+'Input data'!$B$11+'Input data'!$B$18+'Input data'!$B$21) -> 1.1515827e+08 | L19: =Disability!AD$81*EXP('Input data'!$B$5+'Input data'!$B$7+(1+Income!AC$81)*'Input data'!$B$8*'Input data'!$E$38+'Input data'!$B$11+'Input data'!$B$18+'Input data'!$B$21) -> 1.1448571e+08 | ... O19: =Disability!AG$81*EXP('Input data'!$B$5+'Input data'!$B$7+(1+Income!AF$81)*'Input data'!$B$8*'Input data'!$E$38+'Input data'!$B$11+'Input data'!$B$18+'Input data'!$B$21) -> 1.1245018e+08
A20: 65-74 | B20: females | C20: some or severe | D20: Lithuania | E20: =Disability!W$82*EXP('Input data'!$B$5+'Input data'!$B$7+(1+Income!V$82)*'Input data'!$B$8*'Input data'!$E$42+'Input data'!$B$11+'Input data'!$B$19+'Input data'!$B$21) -> 1.5652641e+08 | F20: =Disability!X$82*EXP('Input data'!$B$5+'Input data'!$B$7+(1+Income!W$82)*'Input data'!$B$8*'Input data'!$E$42+'Input data'!$B$11+'Input data'!$B$19+'Input data'!$B$21) -> 1.5287438e+08 | G20: =Disability!Y$82*EXP('Input data'!$B$5+'Input data'!$B$7+(1+Income!X$82)*'Input data'!$B$8*'Input data'!$E$42+'Input data'!$B$11+'Input data'!$B$19+'Input data'!$B$21) -> 1.4945674e+08 | H20: =Disability!Z$82*EXP('Input data'!$B$5+'Input data'!$B$7+(1+Income!Y$82)*'Input data'!$B$8*'Input data'!$E$42+'Input data'!$B$11+'Input data'!$B$19+'Input data'!$B$21) -> 1.4603859e+08 | I20: =Disability!AA$82*EXP('Input data'!$B$5+'Input data'!$B$7+(1+Income!Z$82)*'Input data'!$B$8*'Input data'!$E$42+'Input data'!$B$11+'Input data'!$B$19+'Input data'!$B$21) -> 1.4261998e+08 | J20: =Disability!AB$82*EXP('Input data'!$B$5+'Input data'!$B$7+(1+Income!AA$82)*'Input data'!$B$8*'Input data'!$E$42+'Input data'!$B$11+'Input data'!$B$19+'Input data'!$B$21) -> 1.388466e+08 | K20: =Disability!AC$82*EXP('Input data'!$B$5+'Input data'!$B$7+(1+Income!AB$82)*'Input data'!$B$8*'Input data'!$E$42+'Input data'!$B$11+'Input data'!$B$19+'Input data'!$B$21) -> 1.3571692e+08 | L20: =Disability!AD$82*EXP('Input data'!$B$5+'Input data'!$B$7+(1+Income!AC$82)*'Input data'!$B$8*'Input data'!$E$42+'Input data'!$B$11+'Input data'!$B$19+'Input data'!$B$21) -> 1.3232489e+08 | ... O20: =Disability!AG$82*EXP('Input data'!$B$5+'Input data'!$B$7+(1+Income!AF$82)*'Input data'!$B$8*'Input data'!$E$42+'Input data'!$B$11+'Input data'!$B$19+'Input data'!$B$21) -> 1.2206143e+08
A21: 75-84 | B21: males | C21: some or severe | D21: Estonia | E21: =Disability!W$83*EXP('Input data'!$B$4+'Input data'!$B$7+(1+Income!V$77)*'Input data'!$B$8*'Input data'!$E$43+'Input data'!$B$12+'Input data'!$B$17+'Input data'!$B$21) -> 20599829 | F21: =Disability!X$83*EXP('Input data'!$B$4+'Input data'!$B$7+(1+Income!W$77)*'Input data'!$B$8*'Input data'!$E$43+'Input data'!$B$12+'Input data'!$B$17+'Input data'!$B$21) -> 20550037 | G21: =Disability!Y$83*EXP('Input data'!$B$4+'Input data'!$B$7+(1+Income!X$77)*'Input data'!$B$8*'Input data'!$E$43+'Input data'!$B$12+'Input data'!$B$17+'Input data'!$B$21) -> 20535679 | H21: =Disability!Z$83*EXP('Input data'!$B$4+'Input data'!$B$7+(1+Income!Y$77)*'Input data'!$B$8*'Input data'!$E$43+'Input data'!$B$12+'Input data'!$B$17+'Input data'!$B$21) -> 20521248 | I21: =Disability!AA$83*EXP('Input data'!$B$4+'Input data'!$B$7+(1+Income!Z$77)*'Input data'!$B$8*'Input data'!$E$43+'Input data'!$B$12+'Input data'!$B$17+'Input data'!$B$21) -> 20506752 | J21: =Disability!AB$83*EXP('Input data'!$B$4+'Input data'!$B$7+(1+Income!AA$77)*'Input data'!$B$8*'Input data'!$E$43+'Input data'!$B$12+'Input data'!$B$17+'Input data'!$B$21) -> 20428460 | K21: =Disability!AC$83*EXP('Input data'!$B$4+'Input data'!$B$7+(1+Income!AB$77)*'Input data'!$B$8*'Input data'!$E$43+'Input data'!$B$12+'Input data'!$B$17+'Input data'!$B$21) -> 20477107 | L21: =Disability!AD$83*EXP('Input data'!$B$4+'Input data'!$B$7+(1+Income!AC$77)*'Input data'!$B$8*'Input data'!$E$43+'Input data'!$B$12+'Input data'!$B$17+'Input data'!$B$21) -> 20452282 | ... O21: =Disability!AG$83*EXP('Input data'!$B$4+'Input data'!$B$7+(1+Income!AF$77)*'Input data'!$B$8*'Input data'!$E$43+'Input data'!$B$12+'Input data'!$B$17+'Input data'!$B$21) -> 20411799
A22: 75-84 | B22: males | C22: some or severe | D22: Latvia | E22: =Disability!W$84*EXP('Input data'!$B$4+'Input data'!$B$7+(1+Income!V$78)*'Input data'!$B$8*'Input data'!$E$44+'Input data'!$B$12+'Input data'!$B$18+'Input data'!$B$21) -> 43274312 | F22: =Disability!X$84*EXP('Input data'!$B$4+'Input data'!$B$7+(1+Income!W$78)*'Input data'!$B$8*'Input data'!$E$44+'Input data'!$B$12+'Input data'!$B$18+'Input data'!$B$21) -> 43433466 | G22: =Disability!Y$84*EXP('Input data'!$B$4+'Input data'!$B$7+(1+Income!X$78)*'Input data'!$B$8*'Input data'!$E$44+'Input data'!$B$12+'Input data'!$B$18+'Input data'!$B$21) -> 43786733 | H22: =Disability!Z$84*EXP('Input data'!$B$4+'Input data'!$B$7+(1+Income!Y$78)*'Input data'!$B$8*'Input data'!$E$44+'Input data'!$B$12+'Input data'!$B$18+'Input data'!$B$21) -> 44139916 | I22: =Disability!AA$84*EXP('Input data'!$B$4+'Input data'!$B$7+(1+Income!Z$78)*'Input data'!$B$8*'Input data'!$E$44+'Input data'!$B$12+'Input data'!$B$18+'Input data'!$B$21) -> 44493025 | J22: =Disability!AB$84*EXP('Input data'!$B$4+'Input data'!$B$7+(1+Income!AA$78)*'Input data'!$B$8*'Input data'!$E$44+'Input data'!$B$12+'Input data'!$B$18+'Input data'!$B$21) -> 44758903 | K22: =Disability!AC$84*EXP('Input data'!$B$4+'Input data'!$B$7+(1+Income!AB$78)*'Input data'!$B$8*'Input data'!$E$44+'Input data'!$B$12+'Input data'!$B$18+'Input data'!$B$21) -> 45176690 | L22: =Disability!AD$84*EXP('Input data'!$B$4+'Input data'!$B$7+(1+Income!AC$78)*'Input data'!$B$8*'Input data'!$E$44+'Input data'!$B$12+'Input data'!$B$18+'Input data'!$B$21) -> 45525047 | ... O22: =Disability!AG$84*EXP('Input data'!$B$4+'Input data'!$B$7+(1+Income!AF$78)*'Input data'!$B$8*'Input data'!$E$44+'Input data'!$B$12+'Input data'!$B$18+'Input data'!$B$21) -> 46573897
A23: 75-84 | B23: males | C23: some or severe | D23: Lithuania | E23: =Disability!W$85*EXP('Input data'!$B$4+'Input data'!$B$7+(1+Income!V$79)*'Input data'!$B$8*'Input data'!$E$45+'Input data'!$B$12+'Input data'!$B$19+'Input data'!$B$21) -> 63022300 | F23: =Disability!X$85*EXP('Input data'!$B$4+'Input data'!$B$7+(1+Income!W$79)*'Input data'!$B$8*'Input data'!$E$45+'Input data'!$B$12+'Input data'!$B$19+'Input data'!$B$21) -> 62407314 | G23: =Disability!Y$85*EXP('Input data'!$B$4+'Input data'!$B$7+(1+Income!X$79)*'Input data'!$B$8*'Input data'!$E$45+'Input data'!$B$12+'Input data'!$B$19+'Input data'!$B$21) -> 61736398 | H23: =Disability!Z$85*EXP('Input data'!$B$4+'Input data'!$B$7+(1+Income!Y$79)*'Input data'!$B$8*'Input data'!$E$45+'Input data'!$B$12+'Input data'!$B$19+'Input data'!$B$21) -> 61065317 | I23: =Disability!AA$85*EXP('Input data'!$B$4+'Input data'!$B$7+(1+Income!Z$79)*'Input data'!$B$8*'Input data'!$E$45+'Input data'!$B$12+'Input data'!$B$19+'Input data'!$B$21) -> 60394086 | J23: =Disability!AB$85*EXP('Input data'!$B$4+'Input data'!$B$7+(1+Income!AA$79)*'Input data'!$B$8*'Input data'!$E$45+'Input data'!$B$12+'Input data'!$B$19+'Input data'!$B$21) -> 59508115 | K23: =Disability!AC$85*EXP('Input data'!$B$4+'Input data'!$B$7+(1+Income!AB$79)*'Input data'!$B$8*'Input data'!$E$45+'Input data'!$B$12+'Input data'!$B$19+'Input data'!$B$21) -> 59016975 | L23: =Disability!AD$85*EXP('Input data'!$B$4+'Input data'!$B$7+(1+Income!AC$79)*'Input data'!$B$8*'Input data'!$E$45+'Input data'!$B$12+'Input data'!$B$19+'Input data'!$B$21) -> 58362822 | ... O23: =Disability!AG$85*EXP('Input data'!$B$4+'Input data'!$B$7+(1+Income!AF$79)*'Input data'!$B$8*'Input data'!$E$45+'Input data'!$B$12+'Input data'!$B$19+'Input data'!$B$21) -> 56360818
